:020000040800F2
:1000000050EA0020A50200084D480008C13E000843
:1000100029480008E50C0008DD7500080000000014
:100020000000000000000000000000005D59000812
:10003000A30D0008000000003B4E00085F590008B7
:10004000BF020008BF020008BF020008BF0200088C
:10005000BF020008BF020008BF020008BF0200087C
:10006000BF020008BF020008BF020008BF0200086C
:10007000BF020008BF020008090D0008150D0008A6
:10008000210D00082D0D0008BF020008BF02000866
:10009000BF020008BF020008BF020008BF0200083C
:1000A000BF020008BF020008BF020008BF0200082C
:1000B000BF020008BF020008BF020008BF0200081C
:1000C000BF020008BF020008BF020008BF0200080C
:1000D00015550008BF020008915F0008BF02000824
:1000E000BF020008BF020008BF020008BF020008EC
:1000F0000D5A0008BF020008BF020008BF02000836
:10010000BF020008BF020008BF020008BF020008CB
:10011000BF020008BF020008BF020008BF020008BB
:10012000BF020008BF020008390D0008450D000895
:10013000BF0200080000000000000000BF0200082D
:10014000BF020008BF020008BF020008694800089B
:10015000BF020008BF020008BF020008BF0200087B
:10016000BF020008BF020008BF020008BF0200086B
:10017000BF020008BF0200080000000000000000ED
:10018000BF020008BF02000800F002F800F07AF891
:1001900014A696E8000CB244B344DA4501D100F04D
:1001A00071F8BAE80F000FA696E83000A5EB040539
:1001B00004EB0607AAEB0704A7F101074FEA1515A0
:1001C0004FEA3414A4F10104AC4201D300F05AF810
:1001D00013F0010F18BFFB1A43F0010300F001F800
:1001E000DBE71847A8B60000C8B60000103A24BFE5
:1001F00078C878C1FAD8520724BF30C830C144BF8C
:1002000004680C6070470000704700000023002461
:1002100000250026103A28BF78C1FBD8520728BF16
:1002200030C148BF0B607047692900F043816429E1
:1002300000F04081752900F03D816F2900F0D481E4
:10024000782900F0FB810368DB0928BF41F08001B9
:10025000632900F07B84732900F08084E32900F097
:100260009D84002070471FB50AF0AAFE00F000FD33
:100270000400002000210AF08DFE401C60601FBDBC
:1002800010B510BD00F000FD1146FFF7ECFF0AF0BD
:100290001FF800F01EFD03B4FFF7F2FF03BC07F0E8
:1002A000E1F900000948804709480047FEE7FEE7FA
:1002B000FEE7FEE7FEE7FEE7FEE7FEE7FEE7FEE716
:1002C00004480549054A064B70470000FD590008DF
:1002D0008901000850E4002050EA002050E6002088
:1002E00050E60020704753EA020C00F069802DE9C7
:1002F000F04B4FF00006002B1FBFB3FA83F503FA53
:1003000005F424FA05F65E4012BF1643B2FA82F5F0
:1003100002FA05F4C5F120051EBF22FA05FC44EAE5
:100320000C04203556EA044C4FEA144418BF641CF0
:100330004FF000084FF00009904271EB030C39D3E5
:10034000002919BFB1FA81F701FA07F6B0FA80F770
:1003500000FA07F6C7F120071EBF20FA07FC46EA9D
:100360000C062037B6FBF4FCA7EB0507103F07F09F
:100370001F0BCBF120062CFA06F60CFA0BFB44BF40
:10038000B3460026202FA4BF5E464FF0000B5BEA69
:10039000060C08BF4FF0010B19EB0B0948EB0608E0
:1003A000ABFB027C06FB02CC0BFB03CCC01B71EB4E
:1003B0000C01C1E70B46024641464846BDE8F08BBA
:1003C00013B5084318BF4FF0FF300146AFF300806C
:1003D000BDE81C40704700000FB4044910B503AAE3
:1003E000029800F0BFFB10BC5DF814FB0024002055
:1003F00070B5044685690068C10601D5302600E065
:100400002026C00707D070BDD4E9012130469047AF
:10041000206A401C20626D1EF6D570BD70B5044682
:1004200085690078C00707D170BDD4E9012120207B
:100430009047206A401C20626D1EF6D570BD096889
:100440004A0501D540B27047C905FCD500B27047D6
:1004500009684A0501D5C0B27047C905FCD580B20C
:10046000704770B50C460546012A05D028788006ED
:1004700000D5EA69002302E0012305E05B1C9342FA
:1004800002D2E05C0028F9D1A869E618C01AA86178
:10049000286A184428622846FFF7AAFF04E0D5E935
:1004A000012114F8010B9047B442F8D32846FFF716
:1004B000B5FF70BD2DE9F04106460024106875298E
:1004C000314616A510D0FFF7BAFF002802DA4042E5
:1004D00013A507E031688A0701D512A502E0490794
:1004E00004D511A5012401E0FFF7B2FF00210A2283
:1004F00006F1240709E0B0FBF2FCB0FBF2F302FBCB
:100500001C00303078541846491C0028F3D123468B
:100510002A463046BDE8F04100F09CBA00000000D9
:100520002D0000002B000000200000002DE9FF5FDF
:1005300015468A460446DFF8AC80F8440027D8E91F
:1005400000103E46CDE9001010E03AF816106A4659
:1005500002A800F02FFB411C07D02178890603D5A3
:10056000E269391891420DD80744761C207880063C
:1005700002D5E069B84205DDAE42E6DB3AF8160086
:100580000028E2D1A069C01BA0612046FFF730FF20
:10059000D8E90010CDE90010002017E03AF8181053
:1005A0006A4602A800F006FBB0F1FF3F81460BD07F
:1005B00000250DF1080B05E0D4E901211BF8050029
:1005C00090476D1C4D45F7D308F10100B0428046BD
:1005D000E4DB206A384420622046FFF71FFFBDE8B5
:1005E000FF9F00009EAA000070B5044621461068D7
:1005F000FFF72EFF002104F1240505E000F00702BB
:100600003032C0086A54491C0028F7D12068002302
:1006100008A2050708D500F02000084304D0E069CF
:10062000012305A2401EE0612046BDE8704000F0B5
:1006300011BA0000000000003000000070B5044650
:100640000D4621461068FFF703FF2188090502D5F2
:100650000F4A7A4402E00E4A7A440E32002104F135
:10066000240305E000F00F060009965D5E54491C66
:100670000028F7D120780023000704D5702D02D080
:1006800009B1022311322046BDE8704000F0E2B902
:100690008EA900002DE9F05F894604464FF0000A5C
:1006A000DFF874B1FB44C0F820A02046E168884719
:1006B000002874D0252806D0D4E901219047206A6B
:1006C000401C2062F1E700265F462046E16888472B
:1006D0002028054607DB312D05D2781910F8200CAB
:1006E00008B10643F1E7B00701D526F00406C4F8C7
:1006F0001CA00027C4F818A02A2D09D028460AF00B
:1007000041FC38B304EB8708303DC8F8185019E0B5
:1007100059F8041B204604EB87029161E168884781
:10072000012F054618D1E069002820DA26F02006BE
:100730001DE0D8F8180000EB800005EB40003038D1
:10074000C8F818002046E168884705460AF01AFCF8
:100750000028EED1012F0AD02E2D08D12046E168C5
:1007600088477F1C0546022F46F02006C4DBA0699F
:10077000002803DA404246F00106A061F00701D0EC
:1007800026F010066C2D0BD0682D09D04C2D39D0D9
:100790006A2D35D0742D35D07A2D33D016E038E05F
:1007A000E1682F4620468847B842054609D16C2F9C
:1007B00026D04FF48060E16806432046884705460E
:1007C00004E06C2F1AD04FF4807006430DB3A5F1EE
:1007D0004100192802D8203546F400664A462946C9
:1007E000204626604E46FFF71FFD80B101280BD042
:1007F000F61D26F0070000F1080956E74020E4E75F
:100800008020D8E70020D6E706F104094DE7284606
:1008100052E7206ABDE8F09F64A9000010B50446C5
:1008200003E008F09BFF401C09D014F8010B0549B8
:100830000028F6D1BDE810400A2008F08FBF4FF025
:10084000FF3010BD0024002040EA010310B59B07D3
:100850000FD1042A0DD310C808C9121F9C42F8D02A
:1008600020BA19BA884201D9012010BD4FF0FF30DB
:1008700010BD1AB1D30703D0521C07E0002010BDF1
:1008800010F8013B11F8014B1B1B07D110F8013B7D
:1008900011F8014B1B1B01D1921EF1D1184610BD5E
:1008A000CBB22AB101788B4203D0401C521EF9D141
:1008B00000207047032A40F2308010F0030C00F053
:1008C000158011F8013BBCF1020F624498BF11F88A
:1008D00001CB00F8013B38BF11F8013BA2F1040243
:1008E00098BF00F801CB38BF00F8013B11F00303BB
:1008F00000F08481083AC0F0088051F8043B083ABF
:1009000051F804CBA0E80810F5E7121D5CBF51F8C0
:10091000043B40F8043BAFF30080D20724BF11F83A
:10092000013B11F801CB48BF11F8012B24BF00F89F
:10093000013B00F801CB48BF00F8012B70474FF096
:1009400000020429C0F0128010F0030C00F01B809C
:10095000CCF1040CBCF1020F18BF00F8012BA8BFAA
:1009600020F8022BA1EB0C0100F00DB85FEAC17C6E
:1009700024BF00F8012B00F8012B48BF00F8012B21
:1009800070474FF0000200B5134694469646203952
:1009900022BFA0E80C50A0E80C50B1F12001BFF438
:1009A000F7AF090728BFA0E80C5048BF0CC05DF89E
:1009B00004EB890028BF40F8042B08BF704748BFEC
:1009C00020F8022B11F0804F18BF00F8012B704760
:1009D00030B44FF0013C50F8042B51F8043BCCFAF2
:1009E00052F4D51A20D1FCB950F8042B51F8043B2D
:1009F000CCFA52F4D51A17D1B4B950F8042B51F8E7
:100A0000043BCCFA52F4D51A0ED16CB950F8042B31
:100A100051F8043BCCFA52F4D51A05D1002CDAD0A7
:100A200030BC4FF00000704729BAB1FA81F111F0E3
:100A30001801D1F120008440F2D1CA40CB4012F01D
:100A4000FF0213F0FF0330BCD01A704770477047A5
:100A5000704770472DE9F0470D4699469246044687
:100A600000F124080168880604D5E06921F010012E
:100A7000216000E00120A84201DD471B00E00027C3
:100A8000A1697A1902EB0900081AA0612078C00652
:100A900002D42046FFF7ACFC002608E0D4E901218F
:100AA0001AF806009047206A401C761C20624E45CA
:100AB000F4DB2078C0060AD52046FFF799FC06E053
:100AC000D4E9012130209047206A401C2062381E62
:100AD000A7F10107F4DC07E0D4E9012118F80500CB
:100AE0009047206A401C2062281EA5F10105F3DC16
:100AF0002046FFF793FC2078000602D50220BDE8CF
:100B0000F0870120FBE7000001694A1C02610878B8
:100B1000704700B58FB0CDE901310021059105493D
:100B20007944CDE9031011466846FFF7B3FD0FB0D5
:100B300000BD0000E5FFFFFF10B5436913B1AFF33F
:100B4000008001E0FFF78DFC012010BD127800F15C
:100B500024010A7000224A700122EDE711684FF06B
:100B6000FF32E9E7074B70B50D467B44FFF7D1FF35
:100B70000446284600F080F810B14FF0FF3070BDF9
:100B8000204670BDEF8B000010B5436913B1AFF381
:100B9000008001E0FFF7CAFC012010BD128800F1BF
:100BA000240182840022C2840122EDE711684FF003
:100BB000FF32E9E72DE9F04116460C46054600F004
:100BC0004FF8036893F80101012807D0FF2C12D8D1
:100BD000185D80B101202C70BDE8F081D3F80701C9
:100BE0003246214603F20713C7182846BC46BDE823
:100BF000F041002360474FF0FF30EDE710B5203A99
:100C0000C0F00B80B1E81850A0E81850B1E81850B7
:100C1000A0E81850203ABFF4F5AF5FEA027C24BF89
:100C2000B1E81850A0E8185044BF18C918C0BDE872
:100C300010405FEA827C24BF51F8043B40F8043B3B
:100C400008BF7047D20728BF31F8023B48BF11F8F0
:100C5000012B28BF20F8023B48BF00F8012B70474A
:100C600010B500F005F8001D10BD00BF29A300005D
:100C70000048704720010020007B00F08000704792
:100C800000487047000100207546FFF7F9FFAE46A7
:100C900005006946534620F00700854618B020B588
:100CA000FFF70EFBBDE820404FF000064FF00007B5
:100CB0004FF000084FF0000BAC46ACE8C009ACE8C0
:100CC000C009ACE8C009ACE8C00921F007018D46B5
:100CD000704710B50446AFF300802046BDE81040D1
:100CE000FFF7D9BA024803A1FFF776FBFEE700BF82
:100CF00045B200084275734661756C745F48616E59
:100D0000646C657200000000014800F0A9BB00BFE0
:100D10001CCA0020014800F0A3BB00BF7CCA002011
:100D2000014800F09DBB00BF5CC90020014800F0F5
:100D300097BB00BF3CCB0020014800F091BB00BF37
:100D4000DCCA0020014800F08BBB00BFBCC90020FA
:100D5000026840F2FF3122EA010102F0F802103A83
:100D60005F2A88BF043181651823B2FBF3F202A326
:100D70009A5CC265084670470006101600061016F9
:100D8000B0B50468806825684028084625F48025A9
:100D90002560636008BF1046A06008BF0A46E26095
:100DA000B0BD704702A004A1FFF716FB72B6FEE7C4
:100DB0000A257328290A00004572726F725F486124
:100DC0006E646C65720000004B4A0329136823F4BB
:100DD000407313604FF4407338BF0B02116819431E
:100DE0001160116821F0F8011160116841EAC0003A
:100DF00040F002001060106840F4803010607047CE
:100E00001348016889050FD5016821F4007101605C
:100E1000016841F400610160016821F40061016032
:100E2000016841F400710160016849050FD501684E
:100E300021F480610160016841F480510160016822
:100E400021F480510160016841F4806101607047C4
:100E5000003C024028490A6822F440720A600A688D
:100E600042F004020A600A6842EA002040F480303E
:100E700008607047204A136823F4407313601368B6
:100E80001360136843F0010313600170704700BFE3
:100E900010B519490C6824F440740C600C6844F4D3
:100EA00040740C600C6844F001040C600260BFF3F5
:100EB0006F8F436010BD00BF0F4A136823F4407367
:100EC0001360136843F480731360136843F00103E5
:100ED00013600180704700BF074A136823F4407312
:100EE0001360136843F400731360136843F0010345
:100EF00013600160704700BF103C02402D4801683C
:100F0000C90606D52A49CA6942F01002CA611021F1
:100F100001600168890606D52549CA6942F00802C0
:100F2000CA61202101600168490606D52049CA69C5
:100F300042F00402CA61402101600168090606D539
:100F40001B49CA6942F00202CA618021016001683E
:100F5000890706D51649CA6942F02002CA610221F2
:100F600001607047F8B5044611480021114EC16177
:100F700000F05AFD0546671C3068C00309D5002FF4
:100F8000FAD024B100F050FD401BA042F4D9032058
:100F9000F8BD3068C0071CBF01203060306810F019
:100FA000F20F04BF0020F8BDFFF7A8FF0120F8BD35
:100FB0004CD300200C3C0240F8B50022009290F87F
:100FC0003C20012A01D1022171E0012280F83C205D
:100FD0000A680A2A1FFA82FC09D34FEA4C0313FA63
:100FE00082F3A3F11E05036803F10C0604E0036815
:100FF00002EB420503F1100607273468AF40BC43FB
:1010000034608C68AC4035682C43346049680629EC
:1010100009D801EB81014C1F1F2101FA04F5194683
:1010200051F8346F14E001EB81050C2908D8A5F1C3
:1010300023041F2101FA04F5194651F8306F07E027
:10104000A5F141041F2101FA04F5194651F82C6F4E
:1010500026EA05050CFA04F40D600D682C430C60BB
:101060006349A1F54174A3421ED1122A04D10A6832
:1010700042F480020A6017E022F00103102B13D122
:101080000B68102A43F400030B600DD109490A4A8A
:101090000968B1FBF2F101EB81014900009100996F
:1010A00011B100990139F9E7002180F83C10084698
:1010B000F8BD00BF4400002040420F00002841D08E
:1010C00070B50446006C30B9204600F099F8002055
:1010D00084F83C006064206CC00635D4206C41F27A
:1010E00002118843424902302064086820F44030ED
:1010F000086094E80D0025690E6832430A60416873
:1011000021F480714160416841EA052141604168F4
:1011100021F04071416041681943364B416081685C
:1011200021F400618160E168826811438160816817
:1011300021F070618160A26A81689A4206D121F033
:1011400040510CE00120704701204CE011438160C8
:10115000816821F040518160E16A826811438160B9
:10116000816821F00201816094F82020217E83684B
:1011700043EA4101816041686AB141F400611E4A5D
:101180004160416821F460414160616A02EB413194
:101190004268114301E021F400614160174BC16ACC
:1011A00021F47001C162E269616903EB0252C36A12
:1011B0001A43C262826822F40072826094F830207E
:1011C000836843EA42228260826822F480628260FD
:1011D000826842EA81210122816000206064216CE2
:1011E00062F301012164002184F83C1070BD00BF4E
:1011F000042301400100000F00E0FFFF0000F0FFAA
:1012000010B586B0044601A81421FFF7BAFB206888
:10121000214988421BD0214988423AD100206549A2
:1012200000904A6942F480724A614A6902F480720D
:101230000092009A0090086840F001000860086879
:10124000012100F0010000900098154819E00020ED
:10125000584900904A6942F400724A614A6902F4AE
:1012600000720092009A0090086840F00400086044
:101270000868082100F0040000900098084800F574
:101280000060002203920322CDE9011201A900F0BF
:10129000F9FA06B010BD00BF002101400020014056
:1012A0000000024010B309B3B0B544790223012C09
:1012B00019D0037102F0100240F6FE7304689340E7
:1012C000256825EA0303D1E9001529439140194314
:1012D00000232160C0219140226822EA010121609F
:1012E000012143710171BDE8B04000E001231846BF
:1012F000704778B110B50446007920B900206071BC
:10130000204600F009F80220012120710020206110
:10131000217110BD01207047F0B587B0044602A8C6
:101320001421FFF72EFB2168214881423ED100267F
:10133000204900F5C63001960A6942F000520A6160
:101340000A6902F000520192019A01960A6842F07D
:1013500001020A60096801F001010191032104966C
:10136000039110210291019902A900F08BFA124D0C
:1013700012494FF0606040274FF4807C4FF4005ECC
:101380004FF400624FF48063C5E900102846C5E9B8
:101390000866C5E90276C5E90432C5E906EC00F045
:1013A0000DF908B1FFF7FEFCAC63A56007B0F0BD16
:1013B00000740040303802405CC900208860024060
:1013C00070B5866D044600F02FFB054694F8350095
:1013D000022821D12068216C026822F016020260E6
:1013E000426922F08002426109B9A16C19B1016819
:1013F00021F00801016003F0FAFA20680068C007D4
:101400000ED000F011FB401B0628F6D320206065AB
:10141000032084F835000CE080206065012008E09E
:10142000E06D3F2101FA00F0B060012084F8350042
:101430000020002184F8341070BD90F83510022986
:1014400009D1052180F835100068724603F0CFFA03
:1014500096460020704780214165012070470000BA
:10146000F8B504460020544A08210090D4E91660DB
:1014700015683768814039420CD0226813685B07D1
:1014800008D5136823F004031360B160616D41F067
:101490000101616501218140394208D02268526909
:1014A000120604D5B160616D41F00201616504214D
:1014B0008140394208D022681268920704D5B16091
:1014C000616D41F00401616510218140394217D0FE
:1014D00020680268120713D5B160026801685203E0
:1014E00006D4C90506D4016821F00801016001E0B5
:1014F000080301D4216C00E0A16C09B120468847A3
:10150000E16D202000FA01F23A4233D020680368EE
:10151000DB062FD5B26094F835300268052B15D163
:1015200022F016020260426922F080024261226CBF
:101530000AB9A26C1AB1026822F0080202603F20C8
:101540008840B06003F0F9F9216D2FE00168520383
:1015500008D4C9050AD4016821F01001016003F024
:10156000ECF903E0080301D4616C00E0E16B09B120
:1015700020468847606DF0B1606DC00715D0052129
:101580004FF4165084F83510B5FBF0F021680A6866
:1015900022F001020A60009A01328242009202D8CF
:1015A0000A68D207F7D103F0C8F9E16C19B12046F7
:1015B000BDE8F8400847F8BD440000202DE9F0419F
:1015C000044600F031FAACB10546022084F835003B
:1015D00003F0AFFA206803F00AFA21680868C00730
:1015E0000BD000F021FA401B0528F6D90325202650
:1015F00003205BE00120BDE8F081086804F1040CE1
:101600002D4A9CE8E81100EA020ED4E9072043EADB
:101610000E032B4333433B4343EA08031A43636AF5
:10162000104340EA0C02042B03D1D4E90B052843F4
:1016300002430A60042B486920F0070040EA0302D5
:1016400028D1D4E90A733A4323B3BCF5005F08D02C
:10165000BCF1000F14D1022F15D0012F0AD0002F9A
:1016600010E0032F16D8012540260120DFE807F0FF
:101670001E0B1E02A3F1C070B0FA80F0400904E016
:10168000032F03D306D1C3F3006018B10125402610
:1016900001200BE020464A61FFF75AFBE16D3F2233
:1016A0000026012502FA01F181600020666584F8B8
:1016B0003550BDE8F08100BF3F8010F0B0B503F0B9
:1016C0008CFA27D00120A56D84F8340094F83500F9
:1016D00001281DD1022084F83500002060652046D5
:1016E000FFF74EFBE26D3F232068216C03FA02F204
:1016F000AA60026842F01602026019B1016841F066
:1017000008010160016841F0010101600020B0BDE5
:1017100003F00FFA0220B0BDB0B5044600F084F922
:101720000546C748611C007818BF044400F07CF9E6
:10173000401BA042FAD3B0BD2DE9F843DFF8148175
:10174000054698F81800012801D1022638E001204A
:10175000894688F8180003F0ECF8064668BB4FF09D
:10176000FF303D4CC9F80000286801280AD1287CC8
:10177000FFF770FB03F0DDF80646206820F0040058
:10178000206018E0A8680746E968084487420ED23E
:10179000297C3846FFF718FB03F0CBF80646206893
:1017A00020F0FA00206026B9A8680137ECE700268F
:1017B00001E0C9F80070FFF723FB002088F818004B
:1017C0003046BDE8F88300BF2348016841F000417E
:1017D00001600020704700BF2DE9F041DFF8748000
:1017E000074698F81800012804BF0220BDE8F081E0
:1017F00001201E4614460D4688F818004CF2503061
:10180000FFF7B0FB08BB022F0CD0012F05D077B932
:10181000E1B22846FFF72EFB0EE0A1B22846FFF703
:101820004BFB09E028462146FFF756FB04E028461B
:1018300022463346FFF72CFB4CF25030FFF792FB69
:1018400005490A6822F001020A60002188F8181090
:10185000BDE8F0814CD30020103C02400648C1682E
:10186000B1F1FF3FC4BF0020704704490160044943
:101870000160C068C00F7047043C02402301674507
:10188000AB89EFCD2DE9FE4F5E4A08244FF0010BE6
:101890004FF0000C90425C4A08BF072402444FEA14
:1018A000B223072B38BF4FEAB22400F12002019483
:1018B000009200250022102A08BFBDE8FE8F0C68A8
:1018C0000BFA02FA14EA0A0900F09780D1F804E052
:1018D000032303FA0CF40EF00308E643A8F1010415
:1018E000012C12D88468D1F80CB00BFA0CF73440F4
:1018F0004FF0010B3C438460CEF3001447689440E2
:1019000027EA0A073C43446005E0B8F1030F02D11F
:101910004FF0030823E0C4688F68344007FA0CF7DF
:101920003C43B8F1020FC46019D105F01C040F2329
:10193000A84603FA04F76FF0030303EA520E009B74
:101940001D4653F80E30BB430F6907FA04F42343D6
:1019500045F80E304546D1F804E00EF0030804685F
:1019600008FA0CF3344023431EF4403F036044D094
:101970000023284C254EA8460293236843F4804355
:10198000236023680F2403F48043029305F00C03C3
:1019900022F00305029F35449C401F4FBE46EF597D
:1019A00027EA0404019F07FA03F3234345F80E30A6
:1019B000B3684D6843EA0904EF0258BF23EA0904FB
:1019C000134BB460AF029E461B6843EA090458BF3C
:1019D00023EA0904CEF80040AF03736843EA090420
:1019E00058BF23EA09047460ED033368454643EAAF
:1019F000090458BF23EA090434600CF1020C0435D1
:101A0000013258E7001C02400000FEBF003C0140CC
:101A10000C3C01404438024008FCFFFF002A08BF8C
:101A2000090481617047000006480068704700BFE4
:101A30000348044900780A6810440860704700BFF2
:101A4000040000207CE3002080B50B48016841F4CD
:101A500000710160016841F480610160016841F436
:101A600080710160032000F0A7F80F2000F006F855
:101A700000F050F8002080BD003C024070B586B0F8
:101A80000446002530480195016841F0800101605D
:101A90006946006800F080000190019801A800F0FC
:101AA00045FF049E00F062FF1649002E164B40F2DF
:101AB000E7328D6118BF0126B040C1E902520D61C5
:101AC000124EB0FBF6F00138C1E90030084601F0D3
:101AD00039FD054698B90B4801F0B2FD054670B9CD
:101AE0002C2000F033F80F2C08D82C20214600229F
:101AF000002500F03BF80648046000E00125284678
:101B000006B070BD50D10020001C004040420F00C4
:101B10000800002082B000200B4901904A6842F47E
:101B200080424A604A6802F480420192019A009021
:101B3000086840F080500860086800F0805000900D
:101B4000009802B0704700BF40380240002809D416
:101B50001C21012201EAD00100F01F0002FA00F06E
:101B6000014A8850704700BF00E100E0F0B5184B13
:101B70004FF0FF361C68C4F30224E51E84F007040E
:101B800038BF002506FA05F7BA43042C28BF042401
:101B900006FA04F4A14300F00F04A940043C1143E9
:101BA000044A234409010244002848BF03F10C02FF
:101BB0001170F0BD00E400E005494FF6FF030A682C
:101BC0001A4060F30A22034810430860704700BFC0
:101BD0000CED00E00000FA0570470068416200204B
:101BE00070470068436AB9B170B5846A013900F57D
:101BF0008270002503EB1443CCB2A54205D250F805
:101C00002560013503EB1643F7E743EA024240F84B
:101C10002120BDE8704002E043EA024181620020D9
:101C20007047D0F8E00404F053BB01EBC10200EBB5
:101C30008202D0F8E004126A04F0C7BA01EBC102D4
:101C400000EB8202D0F8E004D2F8602204F00EBB70
:101C5000D0F8E00404F03EBB01F00F0249B202EB01
:101C6000C202002900EB820303F5157248BF03F19D
:101C700014020068114605F017BBB0B5044601F028
:101C80000F000A4602F0A0FF48BF03F114010870DC
:101C9000D009487094F89404012804BF0220B0BD14
:101CA00002F0F2FF05F098F803F061B8B0B5044611
:101CB0000A4601F00F002179884201D9012515E07B
:101CC00002F082FF48BF03F11401087094F89404F5
:101CD0000025D2098D704A70012801D1022505E046
:101CE00002F0D2FF05F0C0F984F894542846B0BD44
:101CF00010B502F006FE04BF022010BD01204AB25A
:101D000084F894042068B2F1FF3F02DD05F007FB80
:101D100003E001F00F0105F01FFB02F001BF01F02D
:101D20000F0101EBC10100EB8100D0F868027047A0
:101D3000F8B5044601F00F000D466FF3DF2200EB0B
:101D4000C0016FB204EB8106002F06F5157148BF84
:101D500006F114018A60EA0908700B71B7F1FF3FC0
:101D60004A70D8BF4883022B04BF0020487194F802
:101D70009404012804BF0220F8BD02F085FF04F09E
:101D80007DFF002084F89404F8BDB0B501F00F0188
:101D9000002501EBC10400EB840404F5187784F8F6
:101DA000541284F8555204F515712CC78379012B10
:101DB00008BFCA611A46006805F098F90020B0BD56
:101DC00070B50279044601F00F050120954229D82B
:101DD00005EBC5024EB204EB820301EBC102002EFB
:101DE00004EB820202F5157248BF03F114029070F1
:101DF000C8091570507094F89404012804BF02209B
:101E000070BD0120114684F89404206805F053F950
:101E10002DB9A179206804F29C4205F0F9F8002060
:101E200084F8940470BD10B501F00F0404EBC401F4
:101E300000EB810101F8144F002401F10C0CACE817
:101E40001C0001234B708379012B08BFCA611A461D
:101E5000006805F04BF9002010BD00002DE9F04F9F
:101E600087B005688246284605F0A2FA10B107B08F
:101E7000BDE8F08F02F03BFF0028F8D0D5F8080845
:101E8000C0F30D20CAF8D40402F031FF02F0B3FF12
:101E9000890703D5416901F00201416105F500613F
:101EA000059105F0B1FA02F0A6FF0695C90634D5F2
:101EB000816921F0100181612C6A04F00F0000EBB0
:101EC000C0000AEB800000F51575C4F343400628F6
:101ED00011D002281AD147F6F07014EA000615D086
:101EE0003409E9680698224605F092FAE86800EBA2
:101EF0001610E86007E006980AF29C41082205F0F7
:101F000087FAC4F30A14686920446861DAF80000AB
:101F1000816941F010018161069D05F075FA02F0BA
:101F20006AFF090340F1CA8005F04DFA06460AF23D
:101F30009C404FF430644FF000084FF0000B0490C9
:101F4000002E00F0B980F00700F0AF805FFA8BF947
:101F5000DAF80000494605F04FFA0746C00757D0A7
:101F6000281901218160DAF800002118036C8A68C1
:101F70009AF80650012D1FD115072AD495063BD497
:101F8000E04DAB42069D01D9120428D40AEB0802A9
:101F9000D2F8743209696FF3DF41591AB4F5306F22
:101FA000C2F8681230D1D2F864324BB3D2F8600272
:101FB0000844C2F8600227E0D24D05F58075AB42B7
:101FC00011D1069D10040AD4900644BF20208860D9
:101FD0001AE0CC48069D83421AD9100418D54FF454
:101FE0000040886014E0069DB4F5306F0CD1DAF83B
:101FF000641249B9002104E020208860069D07E0B2
:102000000121049A05F004F850464946FFF716FEF0
:10201000380720D528190821BA4B8160DAF800105A
:1020200060180A6C81689A4212D9090444BF4FF4BF
:1020300000418160504600F031FB9AF8060001280B
:1020400009D1DAF80000049A012104F0E1FF02E06E
:10205000504600F023FBF80642BF2819102181608A
:10206000B80717D56869000604D50599486840F493
:10207000806048600AEB080090F85712012906D1E9
:10208000002180F857125046494600F03AFA2819C4
:1020900002218160B80642BF281920218160B8045E
:1020A00042BF28194FF40051816008F12408203400
:1020B00076080BF1010B43E7DAF8000005F0A4F90C
:1020C00002F099FE490340F1BB8005F075F9064620
:1020D0000AF29C4005F510690AF1140800250290E7
:1020E000CDE90398002E00F0A880F00700F0A28050
:1020F000EFB2DAF80000394605F06CF90446C00783
:1021000025D0059A05F00F00012303FA00F0516B6A
:1021100021EA0000506309EB451083609AF806003D
:10212000012810D105EBC50008EB8000D0E90212B0
:102130001144C1603DB9006928B9DAF80000029A7B
:10214000012104F065FF50463946FFF76EFD200778
:1021500042BF09EB451008218160E00642BF09EB50
:10216000451010218160600642BF09EB45104021F7
:102170008160A00715D50698294605F0EDF805EB16
:10218000C50008EB800010F8031F012905D10021CC
:1021900001705046394600F0B0F909EB45100221B4
:1021A0008160200646D505EBC50008EB800BDBE916
:1021B000040290423ED3DAF80040DBF80880811A2E
:1021C000414538BF884604EB451101F5106918E018
:1021D000DBE902819AF80630801A3A4600934045BE
:1021E00038BF80461FFA88F3204605F0E5F9DBE9A1
:1021F0000310DBF8142041444244CBF80C10CBF818
:102200001420D9F8183008F103019BB2B3EB910FF9
:1022100028BF9042DCD8DDE9039890420AD805F047
:102220000F00012101FA00F0D4F8341821EA00006F
:10223000C4F834087608013554E7DAF80000069D42
:1022400005F0E2F8002802D4DAF8000018E0059959
:10225000486820F0010048609AF8CC04012807D1B2
:10226000002000218AF8CC045046FFF7B5FC02E0BC
:10227000504600F0FEF902F0AFFB01F00041416171
:1022800005F0C2F8000502D4DAF800000BE005986A
:102290008068C00702D0504600F01EFA02F09CFB96
:1022A00001F40061416105F0AFF8C00402D4DAF82E
:1022B000000054E0D5F80408102120F00100C5F812
:1022C0000408DAF8000005F047F89AF8041005F55C
:1022D00010604FF67F32B9B182600139036823F490
:1022E00000130360C0F80822D0F8003223F4001372
:1022F000C0F80032D0F8003243F00063C0F800327A
:102300002030E8E70A30544F059C0B218422E06915
:1023100040F00110E0619AF80F00002808BF42F277
:102320002B0108BF1422A3581943A15044210AF2DB
:102330009C42002808BF1021605840F00B006050FC
:10234000206820F4FE602060DAF800009AF8061099
:1023500004F05EFE02F040FB01F48051416105F0A3
:1023600053F802F048FD890419D504F0C5FCDAF8E9
:10237000000005F011F8DAF800408AF8070000F0D4
:10238000F1FA9AF807200146204605F09DF85046DC
:1023900000F05CF902F020FB01F40051416105F00E
:1023A00033F8000702D4DAF8000007E0504600F0E6
:1023B00064F902F011FB01F00801416105F024F815
:1023C000000606D402F093FCC00219D4DAF800002B
:1023D00038E00699012440F27B25886920F08000CE
:1023E00088619AF804008442ECD21AF805000128AA
:1023F00003D1E1B25046FFF72FFC24350134F0E75A
:1024000006980AF13B040126012700F512659AF8A7
:102410000400874211D228686178012909D1B0F1FE
:10242000FF3F06DC47F080002670C1B25046FFF740
:1024300013FC243420350137E9E702F0CDFA01F42A
:1024400080114161069C04F0DFFF800202D4DAF8BB
:10245000000030E09AF8042004F532610AF51F709C
:1024600001230124944221D20D680678012E14D153
:10247000B5F1FF3F11DCDAF8D46405F4803506F0DD
:102480000106B54209D1069EB56945F08005B561E2
:1024900000F8013C75692D0603D524302031013444
:1024A000E0E70599486840F40070486002F094FA4B
:1024B00001F40011416104F0A7FF400002D4DAF8F2
:1024C000000007E05046FFF7ACFB02F085FA01F090
:1024D0008041416104F098FF40077FF5C8ACDAF80D
:1024E00000004468610704D55046FFF7B1FBDAF8F5
:1024F0000000416821434160B9E4D0F8E00403F0F2
:102500004CBFD0F8E00403F05DBF7CB500284FD08D
:102510000446056890F8950428B9002084F89404CE
:10252000204600F051F8032084F89504B5F1A04F3F
:1025300004BF0020A071206804F064FD94E80F003F
:10254000257C009504F0E6FB78BB2068002100257F
:1025500004F079FF48BB2079012100220023984232
:102560000AD0A6182432F38533757175C6E907556C
:10257000756235760133F2E704F519710022002304
:1025800098420BD001F8103C41E902220A6001F8A0
:102590000C2C01F80F2C24310133F1E794E80F00E3
:1025A000257C009504F068FC28B1022084F895048D
:1025B000012528467CBD00250120657484F895041A
:1025C000206804F04DFCF4E7B0B586B0044601A8DD
:1025D0001421FEF7D6F92068B0F1A04F2FD10025C5
:1025E000184C0095206840F001002060206800F041
:1025F000010000900A2005900320CDE9035002203D
:1026000002904FF4C0500190009801A90E48FFF7C6
:1026100039F960680B21002240F08000606000956D
:10262000606940F480406061606900F4804000901F
:1026300000984320FFF79AFA4320FFF787FA06B085
:10264000B0BD00BF303802400000024010B5C17973
:10265000044621B1022901D0FEF7A4FB0121D4F8E0
:10266000E00403F020FFD4F8E004BDE8104003F0DC
:10267000D3BED0F8E00403F0FDBED0F8E00403F0D0
:1026800003BF10B502F03DF904BF022010BD617414
:1026900002F0FAFA04F008FF02F042BAD0F8E0249F
:1026A00000F29C41104603F00ABF10B502F029F970
:1026B00004BF022010BD02F083FB06D5617B012917
:1026C00003D1816B41F48031816304F022FE2068E4
:1026D00004F0BAFB02F024BA10B50446D0F8E004C6
:1026E00003F02FFF2068D0F8001E41F00101C0F870
:1026F000001EE07A20B10348016841F00601016044
:1027000010BD00BF10ED00E0F8B50446006810F001
:10271000050F1ED03B4F0020814E3860FFF784F933
:1027200005463068000105D5FFF77EF9401B0228F9
:10273000F7D92DE0D4E9010102F0F2F8054630683E
:10274000000105D4FFF770F9401B0228F7D91FE0FC
:10275000206880074FF0000044D5714E00902A4F4A
:10276000306C40F080503064306C00F0805000904D
:102770000098386840F480703860FFF755F90546D6
:102780003868C00506D4FFF74FF9401B0228F7D977
:102790000320F8BD306F10F4407010D0E16801F4F0
:1027A000407188420BD0306F184901220A60002224
:1027B00020F440700A603067306FC00713D1E068C2
:1027C0001349B268014000F4407322F4F8126FF329
:1027D0001F30B3F5407F08BF0A43B260316F084332
:1027E00030670020F8BDFFF71FF9054641F2883732
:1027F000306F8007E3D4FFF717F9411B0320B9427C
:10280000F6D9EFE76800474200700040400E4742AB
:10281000FFFCFF0F002852D02DE9F041404B044649
:102820008846D3F8000400F00700884204D283F8F9
:10283000008402F06FF84BD12068810711D5410761
:1028400003D5996841F4E0519960010703D599686F
:1028500041F460419960A1689A6822F0F002114346
:102860009960C0072DD102F055F804D983F800848F
:1028700002F050F82CD12068410705D5E1689A682C
:1028800022F4E05211439960000706D52069996847
:1028900021F4604141EAC00098601C4600F080F8D5
:1028A000A168204AC1F30311515CC840394908604E
:1028B0001D480068FFF7E2F80020BDE8F081012024
:1028C00070476068811E022905D21968890107D402
:1028D0000120BDE8F08101281DD119688903F7D5D1
:1028E00099681D4621F0030108439860FFF79CF8A2
:1028F000064641F288376068A9682B4601F00C0152
:10290000B1EB800FAFD0FFF78FF8801BB842F2D940
:102910000320BDE8F08119688907D9D5E0E700BF39
:102920000038024038B000080800002010B50F221F
:102930004FF4E0540260184A136803F00303436045
:10294000136803F0F0038360136803F4E053C3607B
:10295000136804EAD3030361D2F8F80300F0070018
:10296000086010BD0B480068704700BF09480A495D
:102970000A4A00680968C1F38221515CC840704767
:1029800004480549054A00680968C1F34231515CB1
:10299000C8407047440000200838024048B0000892
:1029A00010B5134C606800F00C011248082903D0E0
:1029B00004291CD1104810BD2168236801F03F0292
:1029C00021685B02C1F3881105D4A1FB000100233B
:1029D000FDF789FC03E008484843B0FBF2F02168AA
:1029E0000222C1F3014102EB4101B0FBF1F010BD45
:1029F000043802400024F40000127A00002864D059
:102A00002DE9FC4104460078C44EC0070CD0B068E4
:102A100000F00C00042840F090803068800303D55B
:102A20006068002800F0A1802078800719D5B06880
:102A300010F00C0F07D002F077F840F09980706822
:102A4000400200F195803068800703D5E0680128D6
:102A500040F08B802069316821F0F80141EAC00024
:102A600030602078000732D42078400742D4A7692C
:102A700047B302F059F840F0AD80012F75D0E169FD
:102A8000706800F480028A426FD1216A00F03F0230
:102A90008A426AD147F6C071626A0140B1EB821F77
:102AA00063D1A16A4FF6FF72C903914300F440322B
:102AB000A1F580318A4258D1E16A00F07060B0EB34
:102AC000016F52D10020BDE8FC8101207047606990
:102AD00000286ED092480121C0F8801EFEF7A4FFA6
:102AE0000546706F8007BFD4FEF79EFF401B02288B
:102AF000F7D9C9E0306C5FEAC0080AD40020019021
:102B0000306C40F080503064306C00F080500190A8
:102B10000198844F3868C0053DD4386840F480700F
:102B20003860FEF781FF05463868C00533D4FEF7EC
:102B30007BFF401B0228F7D9A6E001F0F5FF03D187
:102B4000706840023FF569AF30686168B1F5803F59
:102B500007D0B1F5A02F40F0828040F48020306093
:102B6000306840F48030306082E00120BDE8FC81B4
:102B7000E1686B4800294BD001210160FEF754FF4A
:102B80000546306880073FF565AFFEF74DFF401BF7
:102B90000228F6D978E0306FA168012905D005290F
:102BA00046D140F004003067306F40F001003067DC
:102BB00047E05B480021C0F8801EFEF735FF054660
:102BC000706F80077FF550AFFEF72EFF401B022885
:102BD000F6D959E05249002088460866FEF724FFDE
:102BE0000546022F09D13068800150D5FEF71CFF41
:102BF000411B03200229F6D965E7306880017FF583
:102C000061AFFEF711FF411B03200229F5D95AE7F6
:102C100000210160FEF708FF0546306880077FF558
:102C200020AFFEF701FF411B03200229F5D94AE737
:102C300020F0010000293067306F20F00400306779
:102C400045D0FEF7F1FE054641F28837306F800728
:102C50004CD4FEF7E9FE401BB842F7D914E020F44B
:102C6000803000293060306820F48020306046D009
:102C7000FEF7DAFE0546306880033FF5D5AEFEF775
:102C8000D3FE401B6428F6D90320BDE8FC811C3428
:102C90001FCC0843D90340EA82104FF6FF729143DC
:102CA00040EA0460A1F58031084370600120C8F853
:102CB0006000FEF7B9FE0446306880013FF502AFC0
:102CC000FEF7B2FE011B03200229F5D9FBE6FEF751
:102CD000ABFE054641F28837306F800706D5FEF718
:102CE000A3FE411B0320B942F6D9ECE6B8F1000F70
:102CF0003FF5BDAE306C20F080503064B7E6FEF793
:102D000093FE0546306880037FF58EAEFEF78CFE9D
:102D1000411B03206429F5D9D5E600BF00380240E5
:102D2000000047420070004068B370B50446407F21
:102D300020B900202077204600F038F80220607784
:102D40002068C168C9062BD4CA2101F0FDFDA8B9CD
:102D500094E80F00144E8568354085602569294345
:102D6000656929438568294381600361016941EAF6
:102D700002410161204602F099F830B12068FF213C
:102D80004162012070BD012070472068A169026C7A
:102D900022F480220264026C11430164FF2141622B
:102DA00001206077002070BDBFFF8FFFF8B50021C4
:102DB0000068CDE901110949884200D08FBD08485B
:102DC0000390022000906846FFF79EFC08B1FDF7D3
:102DD000E9FF0448012101608FBD00BF00280040C9
:102DE000000319003C0E47422DE9F04101F0FAFEC4
:102DF0003ED06077012020774AB16978EB78287857
:102E0000AA780902460341EA03418D1816E06E785C
:102E1000DFF80881F00642BF06F0EF0000F10A0675
:102E20006E70E878C04707463046C047000240EA67
:102E30000746A878C0470644287845032068CA2179
:102E400001F082FD08B101200DE045EA060021688D
:102E500020F0C0004860204602F028F8014601201A
:102E600009B9607700200021FF22217721684A629A
:102E7000BDE8F0812DE9F84301F0B4FE4BD001F03C
:102E8000BEFF0ED0400659BF0026EE70E8788605DA
:102E900069782878AA78090241EA004000EB020824
:102EA00012E0400659BF4FF0000885F80380E8782B
:102EB0004FEA8058DFF864902878C847064668785B
:102EC000C84701F01DFF0644CA207862532078628B
:102ED000204601F0C4FF08B1012017E0104948EA7C
:102EE0000600084021680860886820F48020886017
:102EF000D5E9030210438A6810438860204601F038
:102F0000D5FF0146012009B9607700200021FF228A
:102F1000217721684A62BDE8F88300BF3D4E000872
:102F20007F7F7F00B0B5044600680949C160FEF7A5
:102F30007BFD05462068C068800644BF0020B0BD08
:102F4000FEF772FD01F0A5FE84BF0320B0BDF1E7DE
:102F50005F7F010070470000BCB50446006841680F
:102F60008268530603D4D50701D04D0618D49507BF
:102F700001D50D0612D412F4B07F0ED08D060CD5FB
:102F8000002B1DD594F85130032B0ED10021019157
:102F9000C1680191806801900198BCBD616C00E03E
:102FA000216C2046BDE8BC400847636D43F0040334
:102FB000636500230193C368019383680193019BB8
:102FC00093060CD5636D43F0010363650023019301
:102FD00083680193036823F040030360019BD205DB
:102FE00008D5626D42F00802626500220192826893
:102FF0000192019A626D002ACFD0426822F0E0026D
:1030000042600122890784F8512016D001F0B2FDF8
:10301000E06C30B10B490165FEF70FFA08B101F021
:10302000EBFCA06C0028B8D006490165FEF705FA54
:103030000028B2D001F0E0FCBCBD2046BDE8BC4099
:10304000FFF788BF2155000870B530B10446406ACB
:1030500028B100202061142006E001254AE06068C4
:10306000B0F5827F02D01C20002121500025A562EE
:1030700094F8510020B9204684F8505000F03CF8F4
:10308000022084F8510094E80F0001F4827102F4E8
:1030900004420668114403F40062114426F040061D
:1030A0000660226902F002021144626902F0010224
:1030B0001144A26902F400731944E36903F0380370
:1030C0001944236A03F080031943A36A03F40053ED
:1030D00019430160042101EA1241626A02F0100200
:1030E00011444160C16921F40061C161012065653D
:1030F00084F85100284670BD2DE9F04186B00446A1
:1031000001A81421FDF73DFC2068DC49884235D038
:10311000414988427CD1002640480096416941F4EB
:1031200080514161416901F4805101F0A8FB2820E0
:103130000190009801A93A48FEF7A4FB3A483C4D9B
:103140004FF0C0674FF4005C40234FF400614FF430
:10315000806200F58060C5E90866C5E90236C5E908
:103160000421C5E906C6C5E900072846FEF726FA88
:1031700008B1FDF717FEAC63A56449E000262748B7
:103180000096016941F480410161016901F48041C7
:1031900001F075FB4FF460400190009801A92048B0
:1031A000FEF770FB204F1F4D40204FF4806807F161
:1031B0001801C5E9001605F1080181E8410105F192
:1031C00014001421FDF7DDFB2846FEF7F7F908B1DE
:1031D000FDF7E8FDAC63A564144D142105F114005E
:1031E000C5E90076C5E90266C5F81080FDF7C9FBA0
:1031F0002846FEF7E3F908B1FDF7D4FD24200921A4
:103200000022AC63E564FEF7B1FC2420FEF79EFCCF
:1032100006B0BDE8F08100BF003001403038024008
:10322000000402407CCA0020586002401CCA0020F2
:10323000BCC9002070B501F0B9FC15D1A0681346D7
:103240000A4658B96168B1F5827F07D1042011465A
:1032500001F088FCBDE8704000F04AB88AB383B33F
:1032600094F85010012901D1022070BD04210125DC
:1032700084F8511000216165E38784F85050A387DA
:10328000A263C4E91011A186E186B0F5004F25685C
:1032900007D1286820F040002860286820F480408A
:1032A0002860E06C6E4E484BC0E913614849C0E9A4
:1032B0000F1305F10C01E38FFEF700FA18B101F0CE
:1032C00009FC012070BD21680868400601D401F0A6
:1032D00041FC486840F020004860002084F850001D
:1032E0004A6842F001024A6070BD00BF70477047F3
:1032F000F8B590F851500446012D36D1002958D028
:10330000002A56D0002B54D001F030FC38D00120D8
:103310002D4E2E4F84F8500094F8510004281CBF05
:10332000052084F8510000256565E386E387A386C0
:10333000A3874B4B2163A263C4E91055E06C21685D
:10334000C0E9133594F85130042B08BF3746214E9D
:103350001F4B08BF1E46C0E90F670C31E38FFEF715
:10336000ADF978B184F850501FE06068B0F5827F05
:1033700006D10220042D02D1A568002DBED0F8BDD3
:103380000220F8BD2268216BA06C536843F0010352
:103390005360C0E91355C0E90F550C32E38EFEF7B8
:1033A0008DF940B1002084F85000606D40F01000AD
:1033B00060650120F8BD21680868400601D401F06D
:1033C000C9FB01F04EFBF8BD4B55000857550008EE
:1033D0005D5500080356000870B501F0E7FB04D105
:1033E00089B382B301F0C2FB01D1022070BD03207A
:1033F000002384F8510001206365E286A2862163E0
:10340000A363C4E91033A38784F85000E387A0685E
:103410002268B0F5004F07D1106820F0400010601E
:10342000106840F480401060A06C0D4E0B4D0C32C3
:10343000C0E913630B4BC0E90F35E38EFEF73EF98D
:1034400018B101F047FB012070BD216808684006F3
:1034500001D401F07FFB01F004FB70BD5155000861
:103460002D550008BB550008704770470068034998
:10347000884208BF07F0BEBA704700BF003800405E
:10348000704770477047024690F83C00012804BF1F
:1034900002207047F0B501F10807D1E900C44B697B
:1034A0000020C969E0CF82F83C00126826F47C56FF
:1034B00024F4F04425F4705535432C432CF4E045B6
:1034C0002C4327F4C0452C43234323F48043194362
:1034D0005164F0BD90F83C300222012B2FD010B582
:1034E00080F83D2002680B68546824F070041C4387
:1034F0009368B2F1804F546014D06A4CA24211D04C
:10350000694CA2420ED0694CA2420BD0684CA24238
:1035100008D0684CA24205D0674CA24202D0674C4A
:10352000A24204D1496823F080031943916000222C
:10353000012180F83C2080F83D10BDE81040104685
:10354000704700BF58B110B501F0B8FB03D101F0CE
:1035500028FB00F007F801F03AFC01F052BA012014
:1035600070470000F8B504460068E44988422BD053
:103570002F49884210D02F49884218D0E04988420C
:1035800021D1002000902C48016841F00401016025
:10359000006800F0040014E0002000902648016854
:1035A00041F020010160006800F0200009E00020E7
:1035B00000902148016841F480710160006800F4C6
:1035C000807000900098F8BD00211B481B4D4FF4FF
:1035D000005C4FF4006E4FF4806640270091426813
:1035E00000F5305342F0020242604FF06062C5E9DC
:1035F0000811C5E90271C5E9046EC5E906C1C5E94E
:103600000032406800F00200009000982846FDF764
:10361000D5FF08B1FDF7C6FB2C200F210022656203
:10362000AC63FEF7A3FA2C20BDE8F840FEF78EBA93
:10363000001400400020004040380240DCCA002056
:1036400090F83D1001291CBF01207047022180F82D
:103650003D100068C168B0F1804F41F00101C160C8
:1036600014D01049884211D0A54988420ED00F4984
:1036700088420BD00E49884208D00E49884205D0B6
:103680000D49884202D09D49884204D1724601F01A
:10369000F4F9964603D0724601F005FA96460020EA
:1036A000704700BF0004004000080040000C0040CC
:1036B00000180040000001400040014000040140AB
:1036C00010B501F0F5FA54D084F83D0001204FF612
:1036D000777384F83C00206882689A4382600A68A5
:1036E000C2B1102A16D0202A14D0302A12D0402A73
:1036F00033D0502A28D0602A13D0B2F5005F1CD0F6
:10370000B2F5805F32D0702A1CD101F03DFA41F051
:1037100077012AE0816821F07001114341F007012F
:1037200023E04B68CA68194602F039FB20688168BB
:1037300041F0670121F0100117E001F025FA41F492
:10374000804112E0012012E001F002FB2068816854
:1037500041F0570121F0200107E001F0F9FA20685B
:10376000816841F0470121F030018160002001F0C3
:10377000E8FA10BD7047704770B504460068C56828
:103780000669B10710D5A9070ED56FF002010161D6
:10379000012121778069800702D001F09CFA01E0C5
:1037A00001F031FA00202077700712D5680710D594
:1037B00020686FF00401016102212177806910F413
:1037C000407F02D001F087FA01E001F01CFA0020EE
:1037D0002077300711D528070FD520686FF0080132
:1037E000016104212177C069800702D001F073FADA
:1037F00001E001F008FA00202077F00612D5E80673
:1038000010D520686FF01001016108212177C0698F
:1038100010F4407F02D001F05EFA01E001F0F3F90C
:1038200000202077F00708D0E80706D020686FF066
:1038300001010161204600F075F9300608D528061F
:1038400006D520686FF0800101612046FFF719FE60
:10385000700608D5680606D520686FF04001016142
:10386000204600F069F9B00601D5A80600D470BD65
:1038700020686FF0200101612046BDE87040FFF72D
:1038800001BE000010B586B0044601A81421FDF762
:1038900078F82068A249884213D09C4988422BD1ED
:1038A0000020022200901748016841F002010160E7
:1038B0004FF48071006800F00200009000981248F8
:1038C00010E00020032200900E48016841F004013E
:1038D00001604021006800F00400009000980A4850
:1038E00000F5806005920022CDE903220222CDE995
:1038F000011201A9FDF7C6FF06B010BD000401408A
:1039000000080040303802400004024070470000C8
:10391000B0B501F022FA04BF0220B0BD01F0D3F926
:1039200037D8DFE801F002220A1A2068294602F09F
:103930006FF9206850F8181F06E02068294602F049
:10394000C7F9206850F81C1F41F0080101600168A8
:1039500021F004010160296917E02068294602F07E
:10396000E7F9206850F81C1F06E02068294602F09D
:103970007FF9206850F8181F41F400610160016868
:1039800021F4806101602969090202681143016024
:103990000020002184F83C10B0BD58B110B501F0F2
:1039A0008DF903D101F0FDF800F006F801F00FFAEF
:1039B00001F027B80120704770477047704700003A
:1039C00070B50D46044691B14120082D08BF402036
:1039D000042D08BF3F20205C02280DD0082D0DD0FB
:1039E000042D14BF04F1410004F13F0008E020461B
:1039F00010F83E1F022903D1022070BD04F14000DF
:103A00000078012850D1002A4ED0002B4CD0022043
:103A100045B1082D09D0042D14BF84F8410084F865
:103A20003F0004E084F83E0001E084F840004FEAE3
:103A3000B500032838D8DFE800F0022C101E606AB9
:103A40002E4E2168C6632E4E606A06642D4E01F02C
:103A5000E4F848BB4FF400712AE0E06A274E216881
:103A6000C663274EE06A0664264E01F0F1F8D8B925
:103A70004FF400611CE0206B204E2168C663204E8D
:103A8000206B06641F4E01F0DAF868B94FF48051DC
:103A90000EE0A06A194E2168C663194EA06A06643A
:103AA000184E01F0C3F808B1012070BD4FF48061D9
:103AB00001F0D7F801F0DDF819D01349884216D08B
:103AC0001249884213D01249884210D011498842C5
:103AD0000DD01149884205D01049884207D01049BD
:103AE000884207D1416C0E4A01F095F902D100F0ED
:103AF000C4FF01D000F0D7FF002070BD2B5B000891
:103B00008B5B0008BF5B0008000400400008004019
:103B1000000C00400018004000000140004001403F
:103B20000004014000680349884208BFFDF780BFD8
:103B3000704700BF001C004070477047704700008E
:103B4000F8B5044600680268C168466915074FEA7F
:103B500082633FD001F4907706F00106BF193DD093
:103B6000D70705D0CF0503D5676C47F00107676419
:103B7000570704D51EB1676C47F0020767649207C8
:103B800004D51EB1626C42F004026264002D07D5B8
:103B900001F02002921903D0626C42F008026264C4
:103BA000626C002A00F0E280002B05D5890603D55F
:103BB000204602F02DF920684069616C00F0400059
:103BC00001F00801401847D12046FFF7B7FF002059
:103BD0006064CBE0002B01D58B0653D4236B012B03
:103BE00003D1D30601D5CB0651D4130601D50B065C
:103BF00011D4520640F1BA80490640F1B780C1683D
:103C000021F04001C160202084F841002046BDE839
:103C1000F84000F054B994F84110212940F0A680F2
:103C2000A168B1F5805F03D12169002900F09F8070
:103C3000216A4A1C226209784160E18C0139E184E1
:103C4000090440F09380C16821F08001C160C1681F
:103C500041F04001C160F8BD00F081FF00F042FF7B
:103C60004DD500F077FEFCD1E06B002847D04449E9
:103C70000165FDF7E2FB002878D0E06B016DBDE83F
:103C8000F84008472046BDE8F84002F0C1B80021DE
:103C900000910168009141680091009940694006D7
:103CA00032D4E08DA18DE28D002A5FD081425DD0BB
:103CB000081A216851E8031F226821F4907142E834
:103CC0000313002BF5D1216851E8051F226821F06C
:103CD000010142E80513002BF5D1202184F84210A0
:103CE00000212163216851E8031F226821F010019F
:103CF00042E80313002BF5D10221616330E0204636
:103D0000BDE8F840FFF71ABFE06B016849688AB266
:103D100062B3A38D9A4229D2E185C069B0F5807F54
:103D200019D0206850E8030F216820F4807000F05B
:103D3000F5FFF6D100F001FFFCD100F00BFEFCD145
:103D4000202084F842000020206300F071FEFCD1A6
:103D5000E06BFDF735FB02206063A08DE18D401A1A
:103D600081B22046BDE8F840FFF7E7BEF8BD216A02
:103D700031F8022B6FF35F22216242605DE700BFE2
:103D8000C35D000890B110B5044690F8410008B931
:103D900001F024F800F081FF2068016921F49041CE
:103DA0000161416921F02A0100F0F0BF0120704754
:103DB00070B586B0044601A81421FCF7E2FD206826
:103DC0003849884227D03849884268D1002037498D
:103DD00000904A6942F010024A614A6902F01002FA
:103DE0000092009A00900A6842F001020A60096895
:103DF00001F001010091072105910321CDE90301A3
:103E0000022002904FF4C0600190009801A9284858
:103E1000FDF738FD43E0002624480096016941F48F
:103E200000310161016901F40031009100990096AF
:103E3000016841F001010160006800F0010000909C
:103E4000072005900320CDE90360022002900C209A
:103E50000190009801A91648FDF714FD154D4FF487
:103E600080604021144B4FF00062C5E902162861C2
:103E700005F114001421C5E90032FCF782FD284643
:103E8000FDF79CFB08B1FCF78DFF262007210022DF
:103E9000AC63A563FDF76AFE2620FDF757FE06B06A
:103EA00070BD00BF004400400010014030380240A7
:103EB000000002403CCB0020A060024070477047E9
:103EC000024803A1FCF788FAFEE700BF45B20008EC
:103ED000486172644661756C745F48616E646C65BC
:103EE0007200000070B501310023372472B1060F53
:103EF00001F8023B04EB1075B0F1204F38BF06F11A
:103F0000300501F8035C013A0001EFE770BD10B520
:103F10000021044604F07EFF08B1042010BD2046B5
:103F2000BDE8104004F0DABF80B5034904F072FF29
:103F3000B0FA80F0400980BD60A4002010B5084AA6
:103F400000214FF4805304F0D7F9044618B105A0BE
:103F500000F017FD02E010A0FCF760FC204610BD49
:103F60008401002046696C652073797374656D2047
:103F70006372656174696F6E206661696C65642047
:103F800077697468206572726F7220636F64653A36
:103F90002025640A0000000046696C65207379736F
:103FA00074656D2063726561746564207375636305
:103FB00065737366756C6C792E00000070B500F047
:103FC00092FC17D041F218002844017999B19E4E15
:103FD0002046317802F0A3FA687A02280AD13178B3
:103FE000204602F09CFA994801782046BDE87040CE
:103FF00002F095BA70BD00680028E8D0687A002801
:10400000E5D192480178204602F089FADFE700BF47
:1040100010B500F0D1FC14D0407A02280BD18A48A8
:104020000178204602F07BFA884801782046BDE8F6
:10403000104002F074BA49B2B1F1FF3F01DC01282F
:1040400000D110BD20460121BDE8104000F0DCB8D1
:1040500010B500F0B1FC17D0017ACA1E022A05D2B1
:1040600000212046BDE8104000F0CEB802290BD157
:1040700041F21D0141F21F02415C0244204600F062
:1040800045FFB0F1FF3F00DD10BD0121E9E7000071
:10409000F8B50446D0F8D40204F5307656F820502E
:1040A0009DB341F210002F18287A012823D060BB5D
:1040B000D7E90101C7E9090164480178204602F007
:1040C00022F91F280AD138682D49884206D1797B08
:1040D000012903D8B87B08B1112817D3797B204672
:1040E0000522202301F0EEF9022068722046BDE887
:1040F000F840FFF763BF41F21F00797B2A18204682
:1041000000F004FFB0F1FF3F30DDF8BD41F21F00C9
:104110002A18204600F0FAFE297AB0F1FF3F23DD8D
:10412000481E0328F1D3EB6833B3D4F8D40256F811
:1041300020000028E9D041F21801002201440E6A53
:1041400081F824200A68F61A0E62042101723E48A2
:104150009A4238BF134605F110020178204601B09B
:10416000BDE8F04002F0FAB90529BFD1204601218F
:10417000BDE8F84000F048B820460021F8E700BF4D
:1041800055534243D0F8D41200EB8100D0F8C0025E
:1041900008B100210172704770B500F0A4FB1AD07D
:1041A000002205F583512A810A808A70D0F8C40262
:1041B000016800208847254E2046317802F09AF8A1
:1041C00021480178204602F095F800F099FCBDE8FE
:1041D000704002F018B970BD70B500F084FB12D0C9
:1041E0004FF48070288118480178204601F0DBFFE9
:1041F000164E2046317801F0D6FF00F081FCBDE874
:10420000704002F000B970BDB0B500F06CFB18D082
:1042100041F230000D232A180A4811731060002063
:10422000287209480178204602F098F941F21000FE
:104230001F232A18054801782046BDE8B04002F047
:10424000E2B8B0BD555342530000002001000020E9
:10425000BFB513482B4B134A002401254FF40031FE
:104260000394C46280F820400576836280F8304071
:10427000C561C0E90021C0E90244C0E90454FCF76B
:104280001DFF08B1FCF78EFD06206946CDE900450B
:1042900002900348FCF790FE08B1FCF783FDBFBD18
:1042A000B8C8002000200140BFB51448154D144B7C
:1042B000002101244FF400320391C16280F82010E4
:1042C0000476856280F83010C461C0E90032C0E92C
:1042D0000211C0E90441FCF7F1FE08B1FCF762FDF0
:1042E00006206946CDE901400D2000900348FCF707
:1042F00063FE08B1FCF756FDBFBD00BF00C900203A
:10430000002101400100000FE0B50A480A490160A0
:104310000021019114210091FCF7EBFF08B1FCF79B
:1043200041FD044869460022FCF7BCFF08B1FCF7D8
:1043300039FD8CBD48C9002000740040BCB5002088
:104340005F491E4C01900A6842F480020A600A68C4
:1043500002F480020192019A00900868002240F461
:104360000010086008680A2100F40010009000980E
:104370000E20A047124D0E20A8470F200A21002230
:10438000A0470F20A847102005210022A047102099
:10439000A847112000210022A0471120A8473A2059
:1043A0000F210022A0473A20A8473B2000210022ED
:1043B000A0473B202946BDE8BC4008476D1B0008CC
:1043C0004D1B00082DE9F04F87B00DF108081421AE
:1043D0004046FCF7D6FA002439483A4FDFF8E8B0F7
:1043E00000224FF0420A0194016841F0800101600F
:1043F000016801F0800100F03DFA41F00401016024
:10440000016801F0040100F035FA41F0010101609A
:10441000016801F0010100F02DFA41F00201016094
:104420004221006800F00200019001983846D84708
:1044300007F580654FF4805101224FF001092846AD
:10444000D84707F500664FF4407100223046D84740
:104450002846C0210022D847CDE902A9DFF86CA088
:1044600038464146CDE90444D047284641460494A5
:10447000CDE90294D04702204146CDE9034902909C
:104480002846D04703204146CDE9039405904FF4D8
:10449000805002902846D0474FF440704146059422
:1044A000CDE9039402903046D047C02041460594A0
:1044B000CDE9039402902846D04707B0BDE8F08FBD
:1044C00030380240000002401D1A0008851800081C
:1044D00010B586B01748184B002440F6C3117F2250
:1044E000CDE90244CDE90044C0E90034C0E902212D
:1044F000C0E904448461FEF717FC08B1FCF752FCE4
:104500000C48CDE904448DF80640ADF8044001A9FB
:104510000122FEF7AFFC08B1FCF744FC07486946EE
:10452000012200900348FEF75FFC08B1FCF73AFC5B
:1045300006B010BD80D0002000280040010101001D
:1045400070B50D4800214FF400720C4E4FF4827587
:1045500001230224C0E906210A22C0E90065C0E95E
:104560000211C0E9044300F00FFA18B1BDE8704031
:10457000FCF718BC70BD00BFA0D000200030014087
:1045800010B50C480C4B4FF4827200214FF40074AC
:10459000C0E900320A22C0E90211C0E90411C0E9F1
:1045A000064100F0F1F918B1BDE81040FCF7FABB84
:1045B00010BD00BFF8D000200038004080B5094889
:1045C000094B00214FF6FF728161C0E90031C0E95B
:1045D00002120161FEF7B6FF18B1BDE88040FCF79A
:1045E000E1BB80BD98D100200020004010B58EB006
:1045F00000241C210D94CDE90B44CDE9084401A809
:10460000FCF7BFF91D481E4B6321D1228461C0E92C
:104610000032C0E902410461FEF794FF08B1FCF7E3
:10462000C1FB4FF480500A9014480AA9FFF748F8DC
:1046300008B1FCF7B7FB1148FFF7AFF908B1FCF779
:10464000B1FB00240D48CDE9084408A9FEF742FF5C
:1046500008B1FCF7A7FB60200594CDE902440822CD
:104660000190064801A9FFF753F908B1FCF79AFB3E
:104670000248FFF707F90EB010BD00BFE0D10020DF
:10468000000800401CB50D4800217C220C4C53232F
:1046900001918161C0E902122021C0E9004300912B
:1046A000FEF750FF08B1FCF77DFB04486946FEF7B2
:1046B00011FF08B1FCF776FB1CBD00BF28D200201B
:1046C00000140040B0B596B000251C211595CDE929
:1046D0001355CDE9105509AC2046FCF752F901A855
:1046E0002021FCF74EF92648264AA721C0E90025DB
:1046F000C0E90251C0E904558561FEF723FF08B106
:10470000FCF750FB4FF4805012901D4812A9FEF7A1
:10471000D7FF08B1FCF746FB1948FFF73EF908B18F
:10472000FCF740FB0020CDE91000154810A9FEF76A
:10473000D1FE08B1FCF736FB602018210990201D3E
:10474000FCF71FF90E48214600220025FFF7E0F88C
:1047500008B1FCF727FB01AC14212046FCF711F946
:104760004FF400502146089506900548FEF78BFE51
:1047700008B1FCF717FB0248FFF784F816B0B0BD8C
:1047800070D200200004014010B50748074C0021FA
:104790000C224FF4E13300F085F818B1BDE8104069
:1047A000FCF700BB10BD00BFB8D2002000100140D4
:1047B00010B50748074C00210C224FF4165300F0A7
:1047C00071F818B1BDE81040FCF7ECBA10BD00BF9D
:1047D00000D300200044004080B50F480F4900225C
:1047E00001F0CEFC08B1FCF7DDFA0B480C4901F0F2
:1047F000EAFF08B1FCF7D6FA07480A4901F060FF62
:1048000008B1FCF7CFFA044802F002F818B1BDE88D
:104810008040FCF7C7BA80BDDCC500200C0000203A
:1048200060000020C4000020024803A1FBF7D4FD73
:10483000FEE700BF45B200084D656D4D616E6167D2
:10484000655F48616E646C6572000000024803A1F8
:10485000FBF7C2FDFEE700BF45B200084E4D495FC1
:1048600048616E646C6572000148FDF7F7BA00BFDD
:104870009CCB00200191019901940168704700913F
:1048800000990096016841F002010160006800F0A3
:1048900002000090052005900320CDE9036002206E
:1048A00002907047C0E90043C0E90211C0E9041258
:1048B000C0E90611FFF766BA214601F039BC0020B5
:1048C000C4F8D40220461047204601F084BBC0F84B
:1048D0009412002101F042BE00F00F0000EB8000B6
:1048E00004EB800070470446D0F8D40204EB80004B
:1048F000D0F8C052002D7047D0F8C4028168384605
:104900000847044690F8940401287047C0F804183A
:1049100000207047D3F8000400F0070040457047BE
:10492000090741EA8010C6F8840001203860FDF7CD
:104930007BB84CF25030FCF715BB002084F83400F3
:10494000012084F8350070474162532141622046BE
:1049500000F085BA206850E8050F216820F040007B
:1049600041E80502002A7047A0F58061484602F040
:1049700093BE00210022002320470144284605F071
:10498000F1BE2146FBF728BDC0E90811C0E90A12B3
:10499000FEF75ABB0020C4F8D40220460847204640
:1049A00001F036BBC0F89412002101F02CBD054681
:1049B0003046012101F09EBB0446D0F8D40204EB3E
:1049C0008000D0F8C00200287047D5F8D40258F80B
:1049D0002000C16838460847DAF80000416970478E
:1049E0000099013100910099B1F1706F7047016831
:1049F00021F0010101607047606D40F0400060658A
:104A00007047012084F8460084F83E0084F83F0097
:104A100084F8400084F8410084F8420084F84300A0
:104A200084F8440084F8450084F83D00002010BD5F
:104A3000206850E8030F216820F0100041E80302CD
:104A4000002A70474FF40042534604F023B901682E
:104A500051E8051F026821F0010142E80513002B0F
:104A60007047486840F020004860002084F85000FB
:104A70004A6842F002024A607047816801F007010B
:104A800006297047016851E8031F026821F01001F0
:104A900042E80313002B7047044606F045BA012391
:104AA000012503F0CDBA016841F0010101607047B2
:104AB0002068416821F0200141607047204604F0E1
:104AC00057BEBDF852105046FBF739BF846B054600
:104AD000FCF7AABF002084F85000606D40F0100081
:104AE00060657047206840694006704794F89C02F2
:104AF00001380228704704468121304601F0FABA95
:104B000041F2100031781F232A1820467047D6F84A
:104B1000020002BACAF85420D6F8060003BA704759
:104B2000002084F8940410BDB06800F00C00082840
:104B30007047002084F834007047206850E8050F63
:104B4000216820F0010041E80502002A704728464C
:104B500005F008BE086840F0400008607047204635
:104B600001F035B984F851002046704794F85000A0
:104B700001287047416821F00301416070470246F7
:104B800028680068C0057047D1E90123C9681A4345
:104B900042EA0121826822F47F42114381608168E8
:104BA0007047002084F83C0020467047044690F887
:104BB000510001287047D6F8020002BACAF8542002
:104BC000B6F8070043BA704700EBC00155B204EBDA
:104BD0008103002D03F515717047044690F83400E9
:104BE000012870470D46017F0446022001297047C5
:104BF000012084F85100606D00287047207C00F08F
:104C00007F00207470474DF808ED2046FEF77EFEC9
:104C100020465DF808EBFEF7D0BE606AC66401F17D
:104C200034061146606A3246FCF748BDA06AC66485
:104C300001F138061146A06A3246FCF73FBD206BF1
:104C4000C66401F140061146206B3246FCF736BDC2
:104C5000E06AC66401F13C061146E06A3246FCF7A0
:104C60002DBD2068C26811430122C160294600F0B1
:104C70004DBF2068B0F1804F704705F5317858F886
:104C80002100816838460847012084F89404206890
:104C90007047401BB0F57A7F7047242084F84100AC
:104CA0002068C16821F40051C160204601F00EB9AE
:104CB00090F83C2004460220012A7047044690F8F0
:104CC0003D00002870470D4601204FEAB20103293C
:104CD00084F83C0070472046FEF74DBD0020207749
:104CE00010BD28463946CAF8583000F0F3B8DAF853
:104CF000000002F089BBC9F83800D9F838007047C5
:104D0000000240EA0646A878484700200190206843
:104D1000C1680191806801900198704741E80302E1
:104D2000002A70472046002102F0B0BE846B616A01
:104D3000814270470262B8428C68D1F800C0456871
:104D40007047002184F83C10012184F83D10704721
:104D50004B68CA68194601F011B8044690F83C0047
:104D600001287047D0F8C402C168384608470020BF
:104D700084F89404B0BD0A5842F000620A500A5800
:104D800042F080420A5042F2107270474161C1689D
:104D900041F40051C16000202021606484F841107A
:104DA00084F84210606310BD94F91000B0F1FF3F29
:104DB0007047BAF84C00DAF85820DAF8001070475B
:104DC0000121206884F89414C168490670470220C4
:104DD000211D84F83D00206800F026BE002084F8E4
:104DE00040002046FEF7E4BF01230127AAF8FE0198
:104DF000284603F035B90146DAF8000070476077BD
:104E0000012027682077002AB8687047606D40F05D
:104E100020006065704741F40041416440F48061C6
:104E200091427047787804F12C010123012503F0A9
:104E300017B92046642100F02FBC704709280146AD
:104E400098BF09210A22B1FBF2F202EB8203A1EB27
:104E50004303591A084440EA0210C0B270472DE9D2
:104E6000F04104460068C16849061BD4C1680026A9
:104E7000012741F08001C160FCF7D6FD05464FF0E7
:104E80000408FF432068C06847EA9010C0070AD1B1
:104E9000FCF7CAFDFFF7FDFEF4D984F81D8001265A
:104EA0000027EEE70026F0B2BDE8F08110B5044619
:104EB0000068C16821F08001C1608068800607D465
:104EC0002046FEF72FF818B104206077012010BDAE
:104ED000002010BDD0F8D41200EB8101D1F8C0122F
:104EE00069B110B541F268041A4409598A4208D9D7
:104EF00000210522212300F0E5FAFF2002E0FF2037
:104F000002E00020BDE8104040B270472DE9FC47A8
:104F10000F46D0F8D412054600EB8100D0F8C0420D
:104F2000002C00F02682164641F2180204EB020A19
:104F30003278A2F11A03102B26D9AA2A00F0508148
:104F4000032A00F01581122A00F030812F2A00F088
:104F50001D815A2A00F0D0809E2A00F0E880A82AFD
:104F600000F0D880002A2AD1DAF80010002940F099
:104F7000FA819AF84A10022900F07C81FFF7BCFC04
:104F8000002840F077810EE1DFE803F009411919AC
:104F9000221919191958199019192B197200FFF7AC
:104FA000E1FE28B1DFF8D803817841F080018170FB
:104FB0003279DFF8CC13042A28BF04220BE12846FB
:104FC00000210522202300F07DFA02206072D0E14A
:104FD00031790020E060002918BF01218AF84A10C9
:104FE000C8E1217A002940F099809AF9041000293B
:104FF00040F1B9819AF84A10022900F02881FFF7A0
:105000007BFC002840F02381FFF7D5FD81E130795A
:105010009AF84A1000F00300012908BF022800F0A6
:105020003A810138022800F2BE80C0004FF40071BE
:10503000C0B221FA00F08AF84A00B4E0D0F8C40205
:1050400069460DF10602436838469847002840F04B
:10505000FE809AF84A00022800F0F98004F110005E
:10506000002100220C2A00F01B8181540132F9E753
:10507000207A002840F0B680DAF80000002800F01E
:1050800072819AF90400B0F1FF3F40F36C81FFF7A1
:10509000F4FD002840F0DB80FFF797FC002800F0CB
:1050A0004481284600210222272360E1D0F8C4026F
:1050B0000AF150060AF14C08314642464368384628
:1050C0009847002840F0C3809AF84A00022800F070
:1050D000BE8008210020E1603168A08201390A0AFF
:1050E000E174A2740A0C090E2174B8F800106274FD
:1050F00009BA090CE1823DE1FFF734FE20B19F4877
:10510000C17841F08001C170327A9C49082A28BFD9
:10511000082260E0217A002900F08C804FF4805052
:105120003946E0602846BDE8FC4700F02FB9D0F8CA
:10513000C4020AF150090AF14C0849464246436844
:1051400038469847002840F082809AF84A000228A2
:105150007DD0D6F80A000021002302BA04F1100025
:10516000E260934280F0B180C1540133E268F8E715
:10517000DAF80000002800F0F68004F110000021A9
:105180000022122A34D081540132FAE77078800765
:1051900000F18180DAE9152328463946FFF79AFEA7
:1051A000002800F1E6800020E060E3E0DAF800107B
:1051B000002900F0D8807178C90764D1D0F8C40202
:1051C00007EBC7013279C06900EB8101087905302E
:1051D000904238BF0246204600F092F90020C9E014
:1051E000207AC8B328463946BDE8FC4700F018B914
:1051F0000C209AF84910E075702020749AF8480045
:10520000884210D004EBC0014FF4825201308A5C16
:1052100001F582518988A274A183C1B2043918BFF3
:1052200001468AF848101220E0603079122898BFB1
:10523000E060D3E79AF90410002940F194809AF8CD
:105240004A10022903D0FFF757FB00285FD02846F9
:10525000002102223A238AE0DAF80000002800F058
:1052600082809AF90400B0F1FF3F7CDDFFF705FD75
:10527000002844D02846002102223A2300F022F9D7
:105280000520207275E0B078802834D018B93E49E6
:1052900020460622A0E7284600210522242366E0B6
:1052A0000820E074022020830C20E0600098013880
:1052B000010AE075A175010C000E2075BDF806000D
:1052C000617500BA000C608388E7D9F800100020EF
:1052D000208301390A0AE175A2750A0C090E2175AD
:1052E000B8F80010627509BA090C6183D6F80A1083
:1052F00009BAE1603EE02349204608226CE7FFF747
:1053000064FBA8B12846002102222723B6E7FFF755
:10531000FEFBFFF7E6FC00282BD4FFF74AFD5043C5
:10532000814220D102202072F8E6FFF744FC01E020
:10533000FFF7EDFBFFF7D5FC00281AD4FFF739FD86
:1053400002FB00F399420ED1012004F110022072F9
:105350005B48B3F5805F28BF4FF48053017828463F
:1053600001F051F83AE7284600210522202300F0F9
:10537000A9F8FF2040B2BDE8FC8700BF280000204C
:10538000300000203A000020340000202DE9F041D8
:105390000446D0F8D40204EB8000D0F8C072C7B342
:1053A00041F2380207F11008BE18B38DD6E90D2579
:1053B0005D43B5F5805F28BF4FF48055D0F8C40237
:1053C000B5FBF3F3D0F810C008464146E047B0F112
:1053D000FF3F18DD114842462B460178204601F078
:1053E000BDF83068B38DD6E90D12401B3060A8B20D
:1053F000B0FBF3F00144101AC6E90D1004BF0320FE
:105400003872002006E0204600210422112300F01B
:1054100059F8FF2040B2BDE8F08100BF0000002035
:105420002DE9F0410446D0F8D40204EB8005D5F80C
:10543000C00290B341F2380200F110088618084605
:105440004146B38DD6E90D275F43B7F5805F28BF8E
:105450004FF48057D5F8C452B7FBF3F36D69A847F2
:10546000B0F1FF3F13DD3068BBB2D6E90D12C01BAF
:105470003060B08DB3FBF0F3CD18D11AC6E90D51F1
:105480000DD1204600210025FEF7BEFE15E0204686
:1054900000210422032300F015F8FF250DE001FB95
:1054A00000F307484246B3F5805F28BF4FF48053AE
:1054B0000178204600F0A7FF002568B2BDE8F08122
:1054C00001000020D0F8D41200EB8100D0F8C00217
:1054D000A8B170B541F261014FF48256445C00EB13
:1054E000C405AA55621CD4B2043C18BF14464454E7
:1054F00005F58250002141710371BDE8704070478D
:10550000C2600F3001391AB18B5C8354013AFAE75B
:10551000704700000148FDF71FBD00BFF8D0002014
:10552000806B0021C187C186FDF714BD806B0168C7
:105530004A6822F003024A60416D41F01001416562
:10554000012180F85110FDF705BD806BFDF7CFBE3E
:10555000806BFDF78ABF806BFDF792BFB0B5FFF798
:10556000B5FAFFF70CFB23D42068A168436823F049
:105570002003436031B96168B1F5827F02D16FF0D9
:10558000030101E06FF001014368194041602046CA
:10559000642100F056F808B1202060650020E08703
:1055A000FFF726FB04D02046BDE8B040FDF7D2BC93
:1055B0002046BDE8B040FDF799BEBCB5FFF786FABE
:1055C000FFF7DDFA18D4FFF773FA416821F0020102
:1055D0004160FFF72EFC08B1FFF718FCA06808B97E
:1055E000FFF793FB0020E086FFF702FB04D0204684
:1055F000BDE8BC40FDF7AEBC2046BDE8BC40FDF7B1
:1056000033BFB0B5FFF762FAFFF7B9FA14D4FFF76A
:105610004FFAFFF70EFC08B1FFF7F8FB2068FFF721
:10562000A9FA0020E086E087FFF7E2FA04D02046DE
:10563000BDE8B040FDF78EBC2046BDE8B040FDF7A8
:1056400015BFBCB5044640680B46B0F5827F0ED14D
:10565000A068B0F5004F02D0B0F5806F0CD1216882
:10566000B0F5806F0D6825F040050D6004D1002570
:1056700020460121009203E000920025204680216F
:10568000002200F041F820B1606D032540F02000B9
:1056900060652846BCBD00007CB50D4616460092EC
:1056A0000221012204462B4600F02EF828B1606D3D
:1056B000032640F02000606521E04248114900685F
:1056C000B0FBF1F04FF47A71484301906068B0F597
:1056D000827F0AD12046802100222B460096002698
:1056E00000F012F80028E2D109E0019830B10198E9
:1056F00001380190206880680006F6D40026304604
:105700007CBD00BF00366E012DE9F843089F1C46A2
:1057100015460E468046FCF787F9381A0719FCF73C
:1057200083F98146274801340068C0F3CB307843C1
:105730000090D8F8000081683140891BB1FA81F1EE
:105740004909A9420FD0002CF5D0FCF76DF9A0EB68
:105750000900B8420AD20098009901390091002846
:1057600008BF0746E5E70020BDE8F883D8E9000157
:105770004268B1F5827F22F0E00242600BD1D8F896
:105780000810B1F5004F02D0B1F5806F03D1016868
:1057900021F040010160D8F82810B1F5005F07D171
:1057A000016821F400510160016841F40051016079
:1057B000002088F85000012088F851000320BDE83F
:1057C000F88300BF44000020B0B514460D4605F034
:1057D000B3F928604FF4805020800020B0BD002035
:1057E000704780B5002005F0ADF9002818BF0320F0
:1057F00080BD0020704700207047000070B508464B
:10580000154611031A031C4605F012FA064607A1B5
:1058100011A02246002E08BF08462946FAF7DCFDF3
:10582000002E18BF0326304670BD00BF09666C61AC
:10583000736820726561643A20736563746F7220C7
:1058400025642C20636F756E742025642C2073757D
:1058500063636573730A000009666C617368207284
:105860006561643A20736563746F722025642C202F
:10587000636F756E742025642C206661696C6564A5
:105880000A0000002DE9F04717039A469146884622
:105890005D1C11A63846013D08D000F5805405F086
:1058A0001BF900282046F6D003270CE04FEA0A3205
:1058B0004046394605F01CFA07461DA611A0002FE8
:1058C0000CBF06460327304649465246FAF784FD88
:1058D00078B2BDE8F08700BF09666C617368206527
:1058E0007261736520736563746F722025642C2068
:1058F000636F756E742025642C206661696C656425
:105900000A00000009666C6173682077726974652B
:105910003A20736563746F722025642C20636F7561
:105920006E742025642C20737563636573730A009D
:1059300009666C6173682077726974653A207365D3
:1059400063746F722025642C20636F756E7420253C
:10595000642C206661696C65640A000070477047BA
:1059600070B592B006AC30212046FBF70AF801A8CA
:105970001421FBF706F800251E4802260095016851
:1059800041F080510160006800F080500090009864
:1059900000951948016841F480410160006800F4F5
:1059A00080400090072010961190A8200F900420AE
:1059B0000E904FF48000CDE90C604FF480300790DA
:1059C0000120069000982046FDF718F880B94FF4A2
:1059D0008050CDE90265052105904FF4A050049058
:1059E0000F20019001A8FCF715FF08B912B070BD97
:1059F000FBF7D8F9403802400070004002480168C7
:105A000041F470010160704788ED00E080B5044802
:105A1000FDF7B2FE0348BDE88040FDF7ADBE00BF14
:105A200070D2002050D1002070B52E4A03689042F9
:105A300034D0B0F1804F0BD02B4CA04208D02B4C6F
:105A4000A04205D0CC4CA04202D0294CA04203D1A8
:105A50004C6823F070032343B0F1804F22D0224CD6
:105A6000A0421FD0214CA0421CD0214CA04219D0F2
:105A7000204CA04216D0204CA04213D01F4CA04274
:105A800010D0BD4CA0420DD01D4CA0420AD01D4CE0
:105A9000A04207D01C4CA04204D007E04C6823F081
:105AA00070032343CC6823F4407323434E6923F0EF
:105AB00080030C688D68334390420360C562846242
:105AC00003D002F58062904201D10969016301218E
:105AD00041610169C90703D0016921F00101016138
:105AE00070BD00BF000001400004004000080040FD
:105AF000000C004000180040001C00400020004046
:105B000000400140004801400044014010B501F050
:105B10001F010123046A8B4002FA01F124EA030306
:105B20000362026A1143016210BD10B5FFF7FEF86F
:105B300010D0A16A814214D0E16A814219D0216B50
:105B400081421DD1C06908212177C8B9012084F89C
:105B5000410015E0C0690121217788B984F83E1021
:105B60000EE0C0690221217750B9012084F83F007E
:105B700006E0C0690421217710B9012084F84000B3
:105B80002046FDF71AFFFFF7A9B810B5FFF7CEF8CA
:105B90000AD0A16A814209D0E16A814208D0216B12
:105BA000814207D1082004E0012002E0022000E049
:105BB000042020772046FDF701FFFFF78FB810B5CE
:105BC000FFF7B4F80CD0A16A81420DD0E16A81429E
:105BD0000FD0216B814211D0012084F83D0012E0EA
:105BE000012084F83E000DE0012084F83F000220EF
:105BF00008E0012084F84000042003E0012084F83C
:105C00004100082020772046FDF7B4FDFFF766B875
:105C1000F0B5036A026A584E22F0010223F0020333
:105C2000A6F5806702628C68D1F800C045682343FE
:105C30008469B84218BFB04210D1CA6823F00C037F
:105C400022F004021343B84218BFB04206D125F433
:105C50004072D1E905562A4342EA060524F0730250
:105C6000456042EA0C028261496841630362F0BD0B
:105C7000F0B5036A026A404E22F01002A6F5806772
:105C800023F02003FFF756F8D0F818E018BFB04211
:105C900043EA041312D1CA686FF0400423F0C00332
:105CA00004EA02121343B84218BFB04206D125F4E9
:105CB0004062D1E905452C4342EA84052EF4E642D0
:105CC000456042EA0C228261496881630362F0BD4B
:105CD000F0B5036A026A284E22F48072A6F5806746
:105CE00023F40073FFF726F8D0F81CE018BFB04289
:105CF00043EA042312D1CA6840F2FF4423F440630C
:105D00001202A2431343B84218BFB04206D125F491
:105D10004052D1E905452C4342EA04152EF07302A6
:105D2000456042EA0C02C2614968C1630362F0BD8A
:105D3000F0B5D0F820C0036A0F4A40F4806723F41E
:105D400080539742036245680C688B68C66904D12A
:105D50004A6925F4804545EA821526F4E642456005
:105D600042EA0422C261496801642CF4005141EA0C
:105D700003310162F0BD00BF0004014010B5036AA9
:105D8000046A24F001040462846924F0F00444EA03
:105D90000212826123F00A021143016210BD10B5A4
:105DA000036A046A24F010040462846924F47044D1
:105DB00044EA0232826123F0A00242EA0111016248
:105DC00010BD806B0021C185C184FDF7B7BE01689D
:105DD00051E8031F026821F4907142E80313002B7D
:105DE000F5D14DF808EDFEF732FE5DF808EBF8D17D
:105DF000016B012906D14DF808EDFEF743FE5DF871
:105E000008EBF8D1202180F842100021016370478F
:105E100090F84210222920D183680246B3F5805FB2
:105E200008D152F8281F52F8183C002B45D00368BF
:105E30005B6809E052F8281F13B90369002BF6D0FC
:105E400003685B6803F07F030B7011680131116018
:105E5000C18D0139C185090400D070470168CA6845
:105E600022F02002CA60CA6822F48072CA604A69BD
:105E700022F001024A61202180F842100021416392
:105E8000026B012A18BFFEF719B881B001634DF803
:105E900008EDFEF7F7FD5DF808EBF8D101680A6838
:105EA000D20606D5002200920A6800924968009145
:105EB0000099818D01B0FDF740BE026852686FF312
:105EC0005F2221F8022B8162C2E70000B0B50446D0
:105ED000006804F108030ECB056925F44055194309
:105EE0002A4349F20C650261C26863691943E36998
:105EF000AA4319431143C1604169A26921F4407169
:105F000011434161204940F48060884202D1FCF78E
:105F100037FD01E0FCF72AFDE269192163681B4D9A
:105F2000A0FB0101B2F5004F16D15A00DB0FFAF7C2
:105F3000DAF9642105F18053B0FBF1F202FB0300B2
:105F4000322303EBC000B0FBF1F04FF4F87101EA2B
:105F5000400100F0070011E09A009B0FFAF7C3F927
:105F600064213223B0FBF1F202FB050003EB0010C9
:105F7000B0FBF1F000F0F00100F00F0001EB0211B6
:105F8000084421688860B0BD001401409CFFFF0FE9
:105F90000148FDF7D5BD00BF00D3002080B5D0F883
:105FA000B82252689047002818BF032080BD002007
:105FB00070470020704780B513460A46002100F064
:105FC00022FA002080BD80B513460A46002100F069
:105FD000C5FA002080BD10B58021044600F09FFA6C
:105FE00020460021BDE8104000F099BA80B5052197
:105FF00000220023FEF7D6FC002080BD80B51346AA
:106000000A460221C0E90633FEF761FC002080BD8C
:1060100080B5042100220023FEF759FC002080BD3A
:1060200010B5264C0A4602A0FEF746FC204610BDDD
:106030004D534320436F6E6669670000122008804D
:10604000004870474800002010B51C4C0A4602A0CA
:10605000FEF732FC204610BD4D534320496E746557
:106060007266616365000000042008800048704784
:106070005C00002010B5114C0A4602A0FEF71CFC83
:10608000204610BD53544D6963726F656C6563742F
:10609000726F6E696373000010B5084C0A4602A067
:1060A000FEF70AFC204610BD53544D3332204D619B
:1060B00073732053746F726167650000881100204C
:1060C000B0B51A200880094908688A6880180BD082
:1060D000074D4C680822A91CFDF704FF05F11201C9
:1060E00020460422FDF7FEFE0148B0BD107AFF1FD6
:1060F000E40000200278438893429CBF0020704750
:1061000010B594B29C4209D20478204422444478C9
:10611000052CF6D184788C42F3D110BD002010BD3F
:106120000021027812B101300131FAE7C8B270479C
:10613000C8B170B516460C460546FFF7F1FF0221BF
:10614000032201EB400030802070002062702A782A
:106150003AB1CBB20135E25454FA81F202315070B7
:10616000F5E7BDE870407047044AC100032822FAF1
:1061700001F188BF0321C8B2704700BF00030103CB
:1061800078B10023C0F8D032C0F8C432C0F8B832B9
:1061900009B1C0F8B4120121027080F89C1200F01D
:1061A000B7B80320704780B5D0F8C802FBF77EFD72
:1061B000BDE88040FFF7D8BF80B5D0F8C802FBF734
:1061C0005CFDBDE88040FFF7CFBFB0B5044669B1C4
:1061D00094F89C02032847D1D4F8B8024269002AF7
:1061E00042D0FEF76CFB00283ED0B0BDD4F894023C
:1061F000022833D1D4E9070188420DD9431A114648
:1062000020461A46E361FFF7DEFE20460021002209
:10621000002300F0F8F821E00FD1A16981420CD3EE
:10622000D4F89802814208D220460021002200259D
:10623000FFF7C9FEC4F89852E7E794F89C020328D8
:1062400005D1D4F8B802C16809B1FEF7A3FB204616
:10625000802100F064F92046FFF7C8FE94F8A00200
:1062600010B1002084F8A0020020B0BD10B5044693
:1062700059B194F89C02032828D1D4F8B802826955
:1062800022B3FEF71CFB08B310BDD4F89402032818
:106290001CD1D4E9570398420BD9C01A1146C4F84F
:1062A0005C01984238BF034620461A46FFF783FE3A
:1062B0000CE094F89C02032805D1D4F8B8020169D7
:1062C00009B1FEF767FB2046FFF7A2FE002010BDD4
:1062D00000207047012180F89C12D0F8B8223AB112
:1062E00080B5017952689047002818BF032080BD0F
:1062F0000020704780B5D0F8C802FBF7F9FCBDE874
:106300008040FFF731BFD0F8C802FBF708BD00009E
:10631000017849BB10B51549C0F8C812C1F8E004AE
:10632000042008714FF0A04008600020C8810220BE
:10633000C1F809004FF40070C8800846FCF7E5F882
:1063400008B1FAF72FFD094C80212046FBF745FCE8
:10635000204600214022FBF744FC204601218022F8
:10636000FBF73FFCBDE81040002070479CCB0020AD
:10637000D0F8C80201EBC10201F07F0349B203EB80
:10638000C303002900EB820200EB830002F25622D5
:1063900048BF00F1160210787047D0F8D42200EB05
:1063A0008202D2F8B8225AB190F89C32032B05D160
:1063B000126A1AB180B59047002080BD0020704756
:1063C00003207047D0F8D42200EB8202D2F8B82222
:1063D0005AB190F89C32032B05D1526A1AB180B59C
:1063E0009047002080BD002070470320704710B503
:1063F0001446D0F8C8021A462346FBF799FCBDE8BC
:106400001040FFF7B1BE80B5D0F8C802FBF7BDFC65
:10641000BDE88040FFF7A8BEF8B501260025044678
:1064200080F89C62C0F8A452456080F8A052C0F881
:106430009452D0F8B80240B1426832B120460021EF
:1064400090470546002818BF03252046002100225A
:1064500040234027FFF7CBFF204680210022402326
:10646000A4F86461C4F86071FFF7C1FF2846A684F0
:106470002762F8BD90F89C12042904BF90F89D1281
:1064800080F89C120020704790F89C12032908D1D4
:10649000D0F8B81229B1C96919B180B58847BDE8EB
:1064A00080400020704701740020704780B5D0F80C
:1064B000C802FCF7E6F8BDE88040FFF755BEB0B56E
:1064C00000F2AA250446284600F072F90120C4F81B
:1064D0009402B4F8B002C4F8980294F8AA0200F04A
:1064E0001F0102290ED0012906D089B9204629466C
:1064F000BDE8B04000F08EB920462946BDE8B04066
:1065000000F086BB20462946BDE8B04000F0E4BA62
:1065100000F080012046BDE8B040AFF3008080B5B8
:10652000D0F8C802FBF74CFCBDE88040FFF71CBE6A
:1065300080B5D0F8C802FCF7B8F8BDE88040FFF796
:1065400013BE90F89C1204291CBF90F89C1280F88E
:106550009D12042180F89C120020704780B5D0F86D
:10656000C802FBF760FCBDE88040FFF7FDBD80B5C9
:10657000FDF76EFD002080BD80B5FDF789FD002090
:1065800080BD000070B54D4E04467178FFF714FED3
:1065900070780025FEF7A0F9A0F864512046317804
:1065A000FFF70AFE307804F53076FEF795F985841A
:1065B000D4F8D40256F8200070B12046FDF7E2FD71
:1065C000D4F8D40256F8200000F052FBD4F8D402DC
:1065D00046F82050C4F8BC52002070BD0A2101804A
:1065E00000487047B800002070B5184EFEF783FAD7
:1065F000FEF7DDF90DB14021A98008B1402181806D
:1066000020202080114870BD70B5104EFEF773FA3F
:10661000FEF7CDF915B14FF40071A98010B14FF418
:106620000071818020202080084870BD70B5074E21
:10663000FEF761FAFEF7BBF90DB14021A98008B160
:106640004021818020202080004870BD98000020DB
:10665000F8B5044641F2740000F00CFBD4F8D422E3
:1066600004F5307128B341F82200C4F8BC02207C44
:10667000124E4025002808BF4FF40075717820465F
:106680002B460222FFF7B3FE7078012702222B4629
:10669000FEF722F9A0F8647120463178FFF7A7FED3
:1066A0003078FEF719F987842046FDF775FD002044
:1066B000F8BD002041F822000220F8BD00000020B3
:1066C00039B1D0F8D42200EB8200C0F8C412002007
:1066D0007047032070477CB50446D0F8D4020D46BD
:1066E0000021ADF8061004EB8000D0F8C062002E47
:1066F0005CD0297811F0600218D0202A52D16A7833
:1067000049B2FF2A23D0FE2A4CD16A88002A49D1F7
:10671000EA88012A46D1B1F1FF3F43DCD0F8C40238
:10672000806980473060204631462FE068780B282A
:1067300030D0012815D00A2822D098BB94F89C02AA
:1067400003282FD10DF10601204602221FE06888A0
:1067500040BB002926D4E88820BB2046FDF73CFD3D
:106760001EE094F89C0203281AD16888C0B92979E0
:106770002046FFF7BFFD29792046FDF749FC0FE0D1
:1067800094F89C0203280DD1311D20460122FFF709
:1067900035FC05E094F89C02032803D1A8787060CA
:1067A00000207CBD20462946FFF715FC03207CBD58
:1067B0000A7802704A7842704A8842808A888280C9
:1067C000C988C18070471CB504460020ADF806009A
:1067D000A9B1D4F8D402C4F8B81204F52E7151F856
:1067E0002000C16A21B10DF106008847C4F8D0022B
:1067F000D4F8D8020130C4F8D80200201CBD032010
:106800001CBDD0F8B8220AB11268104700207047AA
:10681000FFF78EBEBCB5044608780D4610F0600048
:1068200011D0402802D0202840F04781D4F8D4026B
:10683000294604EB8000D0F8B8028268204602B0F6
:10684000BDE8B04010476878092800F23681DFE8DB
:1068500010F00A0031003401490034015300710086
:1068600034011E003F00FEF741F900F22681E8885E
:10687000022840F02281D4F8A402032221460028F5
:1068800008BF012241F80C2F2046022212E1E888BD
:10689000012840F0128194F89C02411E022980F0E8
:1068A0007980002521462046012241F8085FFFF744
:1068B000A5FB05E1FEF71AF900F2FF8068880025C4
:1068C000012840F0FD80C4F8A452FEF768F8F7E014
:1068D0006888804D10F0FE0F287041D0FDF7F4FF5E
:1068E0000325EDE06888022850D0012840F0E580BB
:1068F0000120C4F8A402E5E0A888002840F0DD806B
:10690000E888002840F0D9806D887F2D00F2D5807E
:1069100094F89C02032800F0D080E9B2204684F865
:106920009E52FFF7C3FDFEF73AF8002D00F0CD8030
:106930000220CBE000204FF0FF31ADF80600688860
:1069400001EB1021062900F2B880DFE801F00437DE
:106950002AB6B63D4700D4F8B412207C0A689AE003
:1069600094F89C12032945D0022960D1010600F059
:10697000A98000F001016160C1B22046FFF741FF2C
:1069800000286FD00546FDF79FFF4CE0687984F83A
:10699000A00297E0032840F09080211D20460122AC
:1069A00088E0C0B2052800F28880DFE800F0036BC1
:1069B00063675F6FD4F8B40242686AE0217CD4F860
:1069C000B802D9B3C16A3AE0207C002875D1D4F866
:1069D000B802416B0DF1060088475FE0207C00287B
:1069E0006BD1D4F8B802016B0DF10600884701465F
:1069F000072029E0010629D0616800F001008142EA
:106A000060D0C9B22046FFF7C9FA297820466160F4
:106A1000FFF7F7FE002855D00546FDF755FF217911
:106A20002046FFF7BBFA022084F89C0248E0FDF7FD
:106A30004BFF29782046FFF7B1FA51E7816A0DF143
:106A40000600884701460220487028E0022100F035
:106A50000100002584F89C12606020460021FFF7A9
:106A60009DFA32E7FDF79BFF03202FE0D4F8B40234
:106A700042690EE0D4F8B402C2680AE0D4F8B40265
:106A8000026906E0D4F8B402826802E0D4F8B402E5
:106A9000826992B1207C0DF1060190470146EA8897
:106AA00082B1BDF8060040B1904238BF0246ADF851
:106AB00006202046FFF7A2FA01E0FDF705FF0025BA
:106AC0002846BCBDFDF76BFFF9E7012084F89C0266
:106AD000F5E700BF8411002070B5044608780D79F1
:106AE0000E4610F0600016D0402801D0202873D147
:106AF00020462946FFF75BFA00286FD10020C4F832
:106B0000D402D4F8B8028268002A67D02046314601
:106B1000BDE8704010477078F0B101280BD0032811
:106B20005AD194F89C02032809D17088002857D0C4
:106B3000FDF735FF52E094F89C0203281FD002288D
:106B40004AD1680648D020462946FFF7E8FC20468F
:106B50008021FFF7E4FC41E094F89C02032819D05F
:106B6000022839D1680637D128064FF0140058BFE3
:106B70004FF4AA70002121502118204644E070886B
:106B800060BB680603D020462946FFF70CFBFDF7E3
:106B900006FFADE705F00F00802D00EB800004EB51
:106BA00080002CBF808CB0F86401A8B105F07F0193
:106BB00005EB8500802D01EB810104EB800004EBE7
:106BC000810101F1140638BF00F5AA7645F0800076
:106BD00080280FD1002014E0FDF776FE002070BD64
:106BE0006806A5D0F0880028A2D120462946FFF7E4
:106BF00096FC9DE720462946FFF7BAFB002818BF00
:106C000001203060204631460222FFF7F7F9E5E720
:106C1000B0B5044608780D4610F0600018BF402853
:106C20000DD1FDF763FF0CD8A88810F0FE0F08D136
:106C3000C1B22046FFF7BDF938B1032010E020288B
:106C4000EFD0FDF741FE0020B0BDD4F8B802826855
:106C5000002AF2D000202946C4F8D40220469047EA
:106C6000E9880029F0D10028EED1FDF798FEEAE787
:106C700070470000004870478813002070B5D0F8B6
:106C80001C480A784E78530102F00F05012E16D1E8
:106C9000012606FA05F52C43C0F81C481844D0F824
:106CA00000391B0423D400F51060036843EA8252C4
:106CB0000B7989686FF3DF2141EA834113E04FF4D8
:106CC0008032AA402243C0F81C281844D0F8002B78
:106CD00012040CD40A79896800F530606FF3DF2163
:106CE00041EA824102681143024A114301600020D7
:106CF00070BD00BF00800010D0F8001940F2FF7294
:106D00009143C0F80019D0F8041841F48071FDF7E0
:106D1000FDBD000070B5044602F47F400D46B0F59D
:106D2000807F17D1A16B1B4A049821F48031C0B237
:106D3000A163E1681140E1600128E16821F440119C
:106D4000E16003D1E06840F48010E060204600F08C
:106D500023F810E0E0681E4640F04000E060204666
:106D600000F01AF8A16B16F47F4F14BF21F48031A4
:106D700041F48031A16305F47F01B1F5803F07D173
:106D8000A16841F00601A160A16841F02001A16065
:106D900070BD00BFBFFFBDFF81B0002100917246F2
:106DA000FDF71EFE964613D80169B1F1FF3FF6DCF0
:106DB00000210091016941F0010101617246FDF776
:106DC0000FFE964604D80169C907F7D1002000E0FC
:106DD000032001B070470000B0B50A784C7819491B
:106DE0005301012C06D1C418D4F8005904F51063DE
:106DF000012408E0C41801F17071D4F8005B04F5B7
:106E000030634FF48034B5F1FF3F07DC1D6845F077
:106E100000651D601D6845F080451D6002F00F0291
:106E200004FA02F2D0F83C489443C0F83C48D0F849
:106E30001C4824EA0202C0F81C28186808401860A0
:106E40000020B0BD007833ECD0F8001E21F0030123
:106E5000C0F8001ED0F8041821F00201FDF756BD5D
:106E6000D0F8001E21F00301C0F8001ED0F804186D
:106E700041F00201FDF74ABD2DE9FE4F8B468146E8
:106E8000180C41210023502903D049F82130013149
:106E9000F9E75FFA80FABAF1000F08D0D9F83800A4
:106EA00020F40010FDF727FF40F4002011E0D9F88E
:106EB000040840F00200C9F80408D9F8380040F48A
:106EC0000010FDF718FF20F40020FDF714FF20F458
:106ED0008020C9F83800002002F47F41B1F5807F9E
:106EE000C9F8000E02920DD1D9F8001809F5006812
:106EF000B0EB1B6F0EBFC8F8001041F00100C8F8DE
:106F0000000007E0D9F8000809F5006840F0030028
:106F1000C9F800084846102100F01EFA01904846C2
:106F200000F0FDF95FFA8BF1002209F510634FF6CE
:106F30007F3500264901C8F81020C8F81420C8F889
:106F40001C20B1420ED09F594FF09044002E08BF34
:106F50004FF0006404EAE7749C519C1920362261CA
:106F6000A560EEE709F5306200234FF67F35002675
:106F7000B1420ED094594FF09047002E08BF4FF009
:106F8000006707EAE4749451941920362361A560E0
:106F9000EEE7D8F8101021F48071C8F81010002125
:106FA000C9F818106FF080411BF47F0FC9F8141056
:106FB00005D1D9F8181041F01001C9F81810D9F806
:106FC00018100E4A1143C9F81810029911F47F0FD6
:106FD00005D0D9F8181041F00801C9F81810BAF115
:106FE000010F05D1D9F81810054A1143C9F8181036
:106FF0000199084318BF0120BDE8FE8F00383C808E
:1070000004000040816821F0010181600020704788
:1070100010B5036C134CA34203D3D0F8003B002BF4
:107020001ED40023C0F8103B0129D0F8103B43F4D4
:107030000023C0F8103BD0F8103B43F01803C0F811
:10704000103BD0F8103B43F0C043C0F8103B07D1D1
:10705000C0F8142BD0F8001B41F08021C0F8001BB1
:10706000002010BD0B30544F0A784B785201104469
:10707000012B0DD1D0F8002922F40012C0F800290C
:10708000097901F0FE01022913D100F510600CE02E
:10709000D0F8002B22F40012C0F8002B097901F07F
:1070A000FE01022905D100F53060016841F08051F0
:1070B0000160002070470A784B7851010144012B90
:1070C00019BF01F53060D1F8001B01F51060D1F84F
:1070D0000019002904D41AB1016821F0804101602F
:1070E000016841F40011016000207047F8B54B7849
:1070F0000C78694F694D012B29D100EB441CDCF859
:107100001069D1F810E00CF51063BEF1000F41D00A
:1071100035401D611D693D401D61002C8F6864D0A4
:107120000EEB07055F4E013DB5FBF7F51F6906EA5B
:10713000C5463E431E610E79012E61D11E6926F0BF
:10714000C0461E614FF0C04606EA457555E000EBAB
:107150004413D3F8106B3540C3F8105BD3F8105BC1
:107160003D40C3F8105B4E4D03F530638E680F69E8
:10717000DCB1EFB1BC19013CB4FBF6F4A7B27E431D
:10718000484F0E6207EAC4441F693C431C6106EA8B
:10719000050414E03E404FF0000E1E611E6946F4E7
:1071A00000261E611E6935402FE007B10E610E6298
:1071B00006EA05041D692C431C614FF400241D6977
:1071C0002C43012A1C6102D1CA6802B15A610979B3
:1071D00001292FD1D0F80808C0054FF0805058BFC2
:1071E0004FF000501968084323E0BE4591BF4FF4AB
:1071F00000250F614FF40025BE461E6935431D6111
:1072000075461E696FF3DF453543012A1D6117D1AD
:10721000CA690AB1CCF81429097901290AD1D0F830
:107220000818DCF80009C9054CBF40F0805040F058
:1072300000501860186840F0044018600020F8BD45
:10724000630100F51065EE5846F00446EE500E79E5
:10725000012E12D1D0F808685F59F6054FF080561C
:1072600058BF4FF000563E435E511FFA8EF3C96877
:107270000092224600F0A0F9E0E7BEF1000FDDD059
:1072800004F00F01012202FA01F1D0F83428114371
:10729000C0F83418D2E700BFFFFF07E00000F8FF96
:1072A000FFFF07000000F81F81B0002200920A785B
:1072B0004B785101012B14D100F510604258B2F106
:1072C000FF3F21DC7346FDF756FD9E46009B0133D0
:1072D0000093009B93421AD84358B3F1FF3FF5DD6A
:1072E00012E000F530604258B2F1FF3F0CDC73460B
:1072F000FDF741FD9E46009B01330093009B9342A6
:1073000005D84358002BF6D4002001B07047012067
:10731000FBE7816841F0010181600020704781B086
:10732000002100917246FDF75BFB964611D801697A
:10733000B1F1FF3FF6DC002100911021016172469E
:10734000FDF74EFB964604D80169C906F7D4002024
:1073500000E0032001B0704781B000220092009A43
:1073600001320092009AB2F1706F12D80269B2F144
:10737000FF3FF4DC89010022203100920161724656
:10738000FDF72EFB964604D801698906F7D4002044
:1073900000E0032001B07047D0F8080802A100F017
:1073A0000600085C704700BF000F020F0F0F0200BD
:1073B000406900F001007047D0F81818D0F81C0898
:1073C000084080B27047D0F81818D0F81C08084060
:1073D000000C704710B5D0F81028D0F8344801F0F0
:1073E0000F0300EB4110D0F8080924FA03F3DB0186
:1073F000DBB21A43104010BD00EB4111D1F8081B5D
:10740000D0F8140808407047416980690840704707
:10741000B0B593084FF4805423B10559013B41F8AE
:10742000045BF9E712F003020BD04FF48053C0580D
:10743000002320FA03F40833013A01F8014B140445
:10744000F7D10846B0BDB0B50446C06820F0C040D2
:10745000E060A1B101291CBF0120B0BDE06800259A
:1074600040F00050E0600A20FAF756F9616905F132
:107470000A00C90713D1BE2D0546F4D30FE0E0681A
:10748000002540F08040E0600A20FAF745F9616984
:1074900005F10A00C90702D0BE2D0546F4D3C8384D
:1074A000B0FA80F04009B0BDD0F8002801F07F01AB
:1074B00022F4FE62C0F80028D0F8002842EA011148
:1074C000C0F8001800207047022A34D1284A294BFE
:1074D0000A449A4202D24FF470512EE0264A274BBA
:1074E0000A449A4202D24FF4605126E0244A254BC6
:1074F0000A449A4202D24FF450511EE0224A234BD2
:107500000A449A4202D24FF4405116E0204A214BDD
:107510000A449A4202D24FF430510EE01E4A1F4BE9
:107520000A449A4202D24FF4205106E01C4A1D4BF5
:107530000A449A420AD24FF41051C26822F470529F
:10754000C260C2681143C16000207047164A174BE1
:107550000A449A4202D24FF40051EEE7144A154B06
:107560000A444FF4C0519A4238BF4FF4E051E4E767
:10757000405327FF00350C00401E1BFF40420F0008
:1075800000DC0BFF804F1200808CF9FE20D6130028
:1075900060B6E5FE60E3160000D3CEFE40771B0028
:1075A000C05BB3FEC091210000CA91FE2075380077
:1075B000E05459FEE09C410010B5029C0CB1002043
:1075C00010BD0333120300F580509B08002BF6D04A
:1075D00051F8044B013B1450F8E70000024803A1A6
:1075E000F8F7FAFEFEE700BF45B200085573616781
:1075F000654661756C745F48616E646C657200000D
:10760000F0B5174C00EB4000012504EB00106FF0C3
:1076100007041030D4B104F108067E2786F007066F
:1076200005FA06F61E4208BF2A2707820E424FF0CF
:107630007E0708BF2A27164220F8027B4FF07E06FD
:1076400008BF2A2620F8126C0134E3E7F0BD00BF22
:107650000248034A00216823FCF7B2B970D2002027
:1076600080E3002070470000F0B5164B00224FF079
:10767000FF348A4204BFE043F0BD855C6C400825BE
:107680003DB183EA5406E70708BF6608013D34466A
:10769000F6E70132EDE700BFF0B50A4CC343002026
:1076A000904204BFD843F0BD0D5C6B4008253DB14E
:1076B00084EA5306DF0708BF5E08013D3346F6E75C
:1076C0000130EDE72083B8ED70B504464FF0FF3090
:1076D000606300202071204603F044F808B10420C4
:1076E00070BD94F83800B4F836524AF65526E8389A
:1076F000032844D8022842D0B54206D104F18A00BA
:1077000021A10822F9F7A0F8B8B3B4F84300411E4C
:107710000140090433D1A0F5007080B2B0F5606F6C
:107720002DD894F8450050B3552101EA5001401A74
:10773000332101EA900100F03300084400EB1010FF
:1077400000F00F0001281AD8B4F84600B8B194F838
:1077500048000138012812D8B4F8490078B1B4F8CB
:107760004B007F2806D804F1580002F049F9B0F523
:10777000803F04D3B4F84E0008B1002070BD032050
:10778000B54208BF022070BD46415433322020204C
:10779000000000000268836A9089B1FBF0F0518913
:1077A000B0FBF1F0191D0A6822B1904204D3801A8F
:1077B0000831F8E700207047496808447047C269FB
:1077C0000239023A91422FBF0020026B408901FB2F
:1077D000002070472DE9F84304688946064681B1C8
:1077E0003046494601F0C4FF02283CBF0120BDE8F5
:1077F000F883411C42D0E1694D46884206D2BDE87B
:10780000F8836569F5B1E1698D421BD2A04658F84D
:10781000180F80B34D451AD109F1010730468F4248
:1078200028BF0227394601F0A3FF411CE7D048B327
:107830000128E4D06569022D50D3E069854228BF54
:107840004D4604E0A04658F8180FA0B101252F4678
:10785000E0690137874228BF022701D3022D0AD3EE
:107860003046394601F084FF411CC8D068B1012878
:10787000C5D0AF42ECD10020BDE8F8834FF0FF3017
:10788000BDE8F883002F4D46E1D0204639464FF041
:10789000FF3202F084FF0146B9F1000F06D029B98A
:1078A000204649463A4602F07AFF014631B10120AE
:1078B000012908BF4FF0FF30BDE8F883D4E9060185
:1078C0006761023988429CBF0138C8F800006079BE
:1078D00040F0010060713846BDE8F8834D46B6E7D8
:1078E000F8B50D46044603F0A9FA08B10120F8BD29
:1078F00020462946FFF763FF04F13806054660631A
:107900004FF480513046F9F73CF8002760898742F0
:1079100009D26078EA193146012300F0A1FB08B9C9
:107920000137F3E76089C01B18BF0120F8BD0000D4
:107930002DE9FE4F05680021044600F001FB08B167
:10794000BDE8FE8F4FF0FF3604F120094FF0FF082D
:107950004FF00D0A4FF0FF0BE662A169FDF7F7F853
:10796000002840F08A80E7693878002800F0888095
:10797000FA7AE52802F03F01A17103D0120709D578
:107980000F2907D0E6624FF0FF08FDF7CBF900287A
:10799000E3D0D5E70F290AD194F82B104906F4D487
:1079A000410618D45FFA88F18842ECD119E05FEA09
:1079B000086004D1384603F0ECF9834563D094F8AD
:1079C0002B00C007DED1384649460B22F8F73CFFB2
:1079D0000028D7D157E0216997F80DB000F0BF0813
:1079E000E162787B8345CED1788B0028CBD12869A2
:1079F000CDE900B90290387800F03F0000FB0AF0B2
:107A00004FF0000AA0F10D0B0120BAF10D0F1ED0AE
:107A1000974911F80A107E5A88B1BBF1FF0F1ED8A2
:107A2000304601F0B3FB8146029830F81B0001F0AC
:107A3000ADFB814513D10BF1010B304604E04FF64D
:107A4000FF7086420BD100200AF1010ADDE7397888
:107A5000490607D530B1029830F81B0010B14FF03D
:107A6000FF0801E0A8F10108DDF80490DDF800B09E
:107A70004FF0FF364FF00D0A87E70120BDE8FE8F7B
:107A80000420BDE8FE8F0020BDE8FE8F2DE9F04107
:107A90000446006900F12007B7F5001F02D300205B
:107AA000A06110E00E46A16969B12568A88980B27D
:107AB000B7FBF0F202FB107048B128442761383060
:107AC000E061002000E00420C0B2BDE8F081481C65
:107AD0006169A06131B11F486B891844104207D019
:107AE0000020EAE729890020B1EB571FD8D9E4E745
:107AF000FCF7E4FF022801D20220E5E780460130CE
:107B000026D0E86980450CD228464146C4F8148046
:107B1000FFF755FEA061A889B7FBF0F101FB1070DB
:107B2000CBE7002EBBD061692046FFF753FE8046AD
:107B30000130032806D2084901EAC000074921FAAA
:107B400000F0C1E728464146FFF7CAFE0028DBD017
:107B50000120B9E7FFFF1F00F8FFFF000107020047
:107B60002DE9F84F0568DFF87CB30446FF274FF096
:107B700004084FF6FF7A00224FF0FF09A16900299F
:107B80005AD0FCF7E4FF00285BD1E06901780029B6
:107B90005AD0C37A2E2903F03F02A27118D0E529EA
:107BA00016D003F01F03082B12D00F2A56D14A0615
:107BB00003D4FAB2914206D00AE0226990F80D90FF
:107BC00001F0BF07E262417B894501D1418B51B190
:107BD000FF27204600214FF00008FFF757FF012242
:107BE0000028CBD033E001780D22D5F810C0002357
:107BF00001F0BF015143A1F10D0201210D2B0FD066
:107C00001BF80360865B31B1FF2AE1D82CF81260C3
:107C10000132314602E05645DAD100210133EDE769
:107C2000007840064FF0000004D519B1FF2ACFD8E4
:107C30002CF81200013FCCE7D00709D04FF0000824
:107C400008E04FF0010803E04FF0040800E0804630
:107C50000020A0615FFA88F0BDE8F88F390603D1F3
:107C600003F097F88145E9D04FF0FF30E062E5E797
:107C7000D0B000082DE9F04F87B090F82BB01BF082
:107C8000A00F04D00627384607B0BDE8F08FD0F823
:107C90000080044600F1200A0026D8F8100030F8D1
:107CA000161001360029FAD1DAE90001CDF8048076
:107CB000CDE90201BAF80800ADF810009AF80A0000
:107CC0008DF812005FEACB7065D0854D40204FF0F3
:107CD00001080DF1140984F82B00B8F1640F00F0CD
:107CE000898001980B220769504602A9F8F7E2FD46
:107CF000B8F1060F414610D3388870B1102252B146
:107D000000F0010343EA4103090448BF6B40013A14
:107D100040081946F3E70237EEE70723062701F08C
:107D20000F003A4600F13007392F88BF00F13707BE
:107D300009F80370581E102904D3571E0909012B96
:107D40000346ECD17E2109F8001000213AB16318F6
:107D500093F82030202B03D0013A0131F6E7014699
:107D600007289ABF19F8002001302022631801313A
:107D7000082983F82020F3D12046FFF7D9FD08F128
:107D800001080028A9D0074604287FF47CAFD4F866
:107D9000008084F82BB006F10B000D21B0FBF1F050
:107DA000461C5FEA8B7058BF01262046002100F078
:107DB000C7F8074600287FF466AF0025A169404652
:107DC00002F0D0FC002840F08680E0690078E528C9
:107DD00000D018B90135B54201D10DE0002520468B
:107DE0000121FFF753FE0028E8D00746042808BF0A
:107DF000072748E7072746E7B6F1010B50D020696F
:107E0000A0EB4B11204600F09BF8074600287FF4BA
:107E10003AAF504602F0BDFFDFF8C89080464FF6FB
:107E2000FF76019DA169FCF792FE002853D1E0691D
:107E30000F2229690D2500230027A0F80B205FFAE7
:107E40008BF2438380F80D806A430D3ABFB2B7428C
:107E50001ABF31F8127001324FF6FF7719F803504C
:107E600047533D0402D00C2B04D105E00C2B4FF6F8
:107E7000FF7709D00133E9E7BBB2B34204D031F850
:107E800012100029594601D14BF0400101700198B0
:107E900001210171FCF746FFF8B9BBF1010BC0D11C
:107EA000A169019802F05EFC012700287FF4EBAE87
:107EB000E0692021F8F743FDE06951460B22F8F70D
:107EC000F9FC94F82B10E06901F018010173019896
:107ED00007710027D7E60127D5E60746D3E600BF9E
:107EE00021100100D0B000082DE9F041C16A0568F9
:107EF00006690446481C05D0204600F021F808B168
:107F0000BDE8F0814FF0E5080127A169FCF71FFEED
:107F100078B9E06980F800802F712069B0420BD2F7
:107F2000FCF700FF0028F0D0042808BF0220BDE8BD
:107F3000F0810120BDE8F0810020BDE8F081000063
:107F40002DE9F04104462748014202D00220BDE855
:107F5000F081A768D4F800800D462161B7B1B8F868
:107F60000A00B8F80C1001FB00F6B5421FD32046FA
:107F7000394601F0FDFB074601302FD0022FE5D333
:107F8000D8F81C008742E1D2AD1BEEE798F800005C
:107F9000032803D3D8F82C70002FE0D1B8F80800DC
:107FA000B0EB551FD2D9D8F82C00002703E040468B
:107FB0003946FFF704FC0028C4E90570C6D0B8F8BC
:107FC0000C1089B2B5FBF1F202FB1151104441448F
:107FD0003831C4E906010020BDE8F0810120BDE888
:107FE000F08100BF1F00E0FF08B101207047F8B525
:107FF0000020CDE90200CDE90000684602F0A2FDB4
:10800000002818BF01200399B1FA81F149090843FA
:1080100004B080BD08B10420704710B51446012992
:1080200009D0032905D0022904BF4FF480502080D5
:1080300004E0012001E002F07FFD2060002010BD7F
:1080400008B10420704710B5140308461A032146EE
:1080500002F0EEFD002818BF012010BD002070477F
:1080600008B1042070472DE9F0414FEA02381C4660
:108070000D465F1C4046013F09D000F5805602F0D6
:108080002BFD00283046F6D00120BDE8F081220308
:108090002846414602F02CFE002818BF0120BDE80A
:1080A000F0811CB5044600F0D7FE00B11CBD01A94B
:1080B000204602F039FF0028F8D1002020601CBDC6
:1080C0002DE9F84F0E466946FCF7E6FC0546002808
:1080D00040F00F81657C002D40F00B81A16AC1B397
:1080E000701C43D0E068B04238BF06466661002E7F
:1080F00000F0CD80751E20462946FFF74BFB009F00
:108100000146A0613846FFF75AFB002800F0EF80D7
:10811000B989B6FBF1F202FB1162002A00F0B780C8
:108120007A89B5FBF1F1013A1140E2690E189642E5
:1081300000F0AD80FCF738FE40F3BE80787804F1A3
:108140002C013246FCF7ABFC002840F0D180E66100
:108150009DE0E768B74235D2207C800733D52546BD
:108160000021374655F8140F296034E08B46A0688B
:1081700002275BF8048BE8B1DDF8009082460237F5
:10818000002605462046294601F0F2FA012840F271
:10819000AE80411C00F08880691C0136054688428B
:1081A000F0D0474598BFEBE8026AD9F81C10884226
:1081B000E4D3A16A0F6047458EBF11250025CBF897
:1081C000005096E0374625464FF0000855F8140F4A
:1081D000C5F80080AFB1DDF80080B8F80A10B8F833
:1081E0000C2002FB01F638B17A1E0138B0FBF6F123
:1081F000B2FBF6F28A4206D2A168002949D0A161F9
:1082000006E000262DE071420840A16960613F1A36
:10821000E1B12868B74258D930446061207C8007BA
:1082200003D4FCF74BFC014605E02046FFF7D2FAE9
:108230000146002846D0481C36D0022957D3D8F82A
:108240001C00814253D2BF1BA161E2E72E684FF0B0
:108250000008E068864204D9207CE66040F04000D7
:108260002074009FB889B6FBF0F101FB106070B17B
:10827000E26990450BD0FCF797FD17DD787804F1A3
:108280002C014246FCF70BFC90BBC4F81C80002577
:108290002FE020460021FFF79DFA0146013003D070
:1082A000012924D0A160AAE7012521E0FCF7BAFD4D
:1082B000F0B9FCF7A3FCE1E7FCF7B4FDC0B9FCF7AB
:1082C0009DFC3BE7286800210027C619B8F80C0080
:1082D0002E6080B2B7FBF0F505FB10700028B6D019
:1082E0004046FFF76CFA10B105EB0008B1E7022534
:1082F00065742846BDE8F88F2DE9F04F97B01590CA
:1083000015A81E4692460F4601F032FB00284AD4BB
:10831000DFF8CC1601EB8001496809B100220A7030
:10832000C5B22846FFF760FEC1073ED140073ED4E4
:108330000FF2B064002F18BF3C466068139030B94C
:1083400013AA28460321FFF765FE1398C0B1B0F5C4
:10835000004F15D84FF0553101EA5001401A4FF047
:10836000333101EA900120F0CC3008444FF0013164
:1083700000EB101020F0F0304843000E022801D32B
:10838000012013900DF1520228460221FFF742FE10
:1083900038B9BDF85280B8F5805F02D8B8F5007FD3
:1083A0000AD2012704E00B2702E0032700E00A2796
:1083B000384617B0BDE8F08F41F6FF700127404402
:1083C00010EA080FF4D160784FF0010B4FF0000C69
:1083D000411E022938BF8346A1684FF400704A1E2F
:1083E000BCEBD23F09D14FEA58128BB2B3FBF2F784
:1083F00007FB1232002A08BF0846E1684FF0000967
:108400004A1E1142CA4A08BF89460932914228BF12
:10841000E146B0451DD8BAF1000F1AD00A900020ED
:10842000247801210127129012AA2846FFF7F2FDB5
:108430000028BDD1002004F00F01129F07290F90E2
:1084400009D80A9A402F07D33F3F3F2012970F9039
:1084500002E01127ACE70A9A802F01D20E27A7E786
:10846000B9FBF8F401F003000323802C28BF80241B
:10847000022804D0C80701D1132799E70223B6FBCD
:10848000F8F003914FEA173E0E970290A94838443E
:108490000190780C06901398414201380890BDF87D
:1084A000520009915101B1FBF0F1421E0592049175
:1084B000D9B22246032917D10E9C069EDFF83C75DF
:1084C000002A904600F0A380B4FBF8F14FF6F67353
:1084D0009942C3D3984B9942C0D800EB8101032342
:1084E0000027202407311BE00E9E002A904600F052
:1084F0009D80B6FBF8F1032601EB4104013406EB45
:10850000540440F6F576B1424FF0040688BF06EBFE
:108510004104059921444FF0010498BF2346049F6C
:108520000F9EB1FBF0FC0B9726440CFB0B610796EA
:10853000089E3944099F0E443E40DFB2A6EB010974
:10854000032F0D970CD0B9FBFBF707FB1B97002FF0
:1085500018BF0127A9EB0706B946B6FBFBF6B444E2
:10856000CDF830C00F9FC7EB081739440E9F8F42DC
:10857000FFF474AF0B9906464C440C98214400FB61
:108580000B11791AB1FBF8F70D99032910D14FF6A9
:10859000F57087420CD8002A7FF460AF30465FEA5E
:1085A00058044FF003034FF00E077FF481AFFFE64E
:1085B00002294CD14FF6F67130468F424FEA4801FE
:1085C00017D341294FF00003B2FA82F438BF0123D8
:1085D000640914EA030614464FF0030318BF4FEA78
:1085E000480418BF0223039FBF073FF561AF26B1C0
:1085F0005EE740F6F5739F423BD80E27002A7FF4D2
:10860000D7AE02230C468129FFF452AFD0E60021F9
:108610004FF0010806293FF457AF37F81130B34245
:108620003FF652AF4FEA48080131F3E7DFF8C8736D
:1086300000214FF0010806293FF45BAF37F81140E5
:10864000A645FFF456AF4FEA48080131F3E74FF073
:10865000FF30099750FA83F0B0FA80F04009012901
:10866000089009D1099940F6F57081423FF6F6AEBF
:1086700002E0002009970890A6F10B010AF10B0017
:108680000C2E38BF0021F8F75AF9DDA150460B2215
:10869000F8F710F90D980A99033818BF0846010A2F
:1086A0008AF811008AF810B08AF80E408AF80D8016
:1086B0008AF80B60200A8AF812100E998AF80F00C7
:1086C000300A8AF80C000020B0EB114F03D10E984D
:1086D000AAF8130004E00E990AF1200002F057FBFB
:1086E000CA480F99CAF81800F8208AF815000AF14C
:1086F0001C0002F04CFB0D9803281FD101990AF1D0
:10870000430002F044FB0C990AF1240002F03FFB05
:108710002920C5A18AF8420080208AF84000C1487B
:10872000CAF830000220CAF82C000AF1470019E00C
:10873000F8FFFF0000002154F5FFFF0F01990AF137
:10874000270002F024FB29200C998AF826008020BB
:108750008AF82400080A8AF81610ADA18AF81700D2
:108760000AF12B001322F8F7A5F84AF655200F9AC4
:108770005146FCF739FB00287FF41AAE0798814474
:108780000D98032825D10F9EAC4C28465146012355
:10879000B21DA047FCF795F9A9480999CAF8E40168
:1087A000A8480139CAF800000AF5F47002F0EFFA9F
:1087B0004AF65520F21D51460123AAF8FE01022077
:1087C000CAF8EC012846A047721C284651460123EE
:1087D000A047BDF85200029941435046F8F7AFF860
:1087E00008980028834808BF6FF007000F90002604
:1087F0000AF101000E905E4528D00D9803280CD197
:108800000E984FF0FF31F8228AF800200160416095
:1088100001810F208AF80B0003E00F99504602F007
:10882000B6FA0C9C029F284651464A46BC4238BFC5
:1088300027463B46FFF714FC00287FF4B2ADFCF757
:1088400040F9E41BB944EDD10136D4E70D98032873
:108850000B9808BF40460B90029E0B9851464A4623
:10886000B04238BF064628463346FFF7F9FB0028DA
:108870007FF497AD0B98B144801B0B90ECD10D9A0F
:108880000123022A08BF042312980021B1EB104FE4
:1088900018BF0623032A08BF0C23039A0D93072A47
:1088A00000F29480CDE9100116AA28460121FFF7B5
:1088B000B1FB00287FF475AD169908200E914FF694
:1088C0003E41020608D00E9A5FFA80F94000B2FBE2
:1088D000F9F28A42F5D801E04FF0FF0950464FF413
:1088E0008051F8F72CF80E9964204FF000083F26CD
:1088F000B1FBF0F00C9000200F900F9803285CD88B
:10890000002E5AD00E98B04257D910A80F990C9A41
:1089100050F821000E9964280F4618BF00FB02F79B
:10892000652828BF0746B819884201D8B04201D24D
:108930000E98871B002F40D00AEB080B31460BF531
:10894000E37002F024FA0BF5E570394602F01FFAE5
:108950003F244FF0C00C08F11008B6FBF4F0B0FB58
:10896000F9F101FB1902C0EB80108BF8C1110CEA80
:108970009101301A8BF8BF210D9A013008438BF812
:10898000C221BA198BF8C001531E1646B3FBF4F787
:10899000B7FBF9F404FB19700CEA94018BF8C5419C
:1089A0008BF8C301C7EB8710181A013008438BF806
:1089B000C4010F9801300F909FE74AF655205146A9
:1089C0000022FCF711FA00287FF4F2AC28460021BF
:1089D0000022FFF71FFB0746002818BF0127E7E426
:1089E0007C010020070000000000000000000000E3
:1089F00000000000F8FFFF00C0B40008CEB400087B
:108A0000EBFE904D53444F53352E30003F00FF0096
:108A10004E4F204E414D45202020204641542020DD
:108A200020202000010006004E4F204E414D4520E1
:108A3000202020464154333220202000618000084D
:108A40007272416152526141BFB50546CDE90111D3
:108A500001A8144600F08CFF002813D40C4901EB48
:108A600080014A6812B1002313704B601DB10022CF
:108A700068704D602A703CB102A803A9002201F081
:108A800029FD02E00B2000E0002004B0B0BD00BFD3
:108A90007C0100202DE9F04FADF50F7D8E9168B17E
:108AA00002F03F0A83468EA881A9524601F012FDCA
:108AB000074648B10020CBF8000000E00927F8B2D3
:108AC0000DF50F7DBDE8F08FDDF8048201A88E99C9
:108AD000C8F81000CDF8088282A800F0B9FC07465B
:108AE00006209DF93312002F08BF00EAD1171AF0B3
:108AF0001C0F3CD0002F00F09A80042F03D182A8D5
:108B0000FFF7B8F80746002FD4D14AF0080A5FEA09
:108B10000A7037D5899EF048C6F81600C6F80E00D0
:108B20004046314600F060FF05460020202170835A
:108B3000F17298F80010032908BFB082F06101209B
:108B400088F80400F5B1D8F8346082A829460022DC
:108B500001F00EFF07460028ACD14046314601F037
:108B600001FE691EC8F8141060B10127A2E7002FAA
:108B7000A0D19DF80E02C10666D45FEA8A7101D5C4
:108B8000C00759D1899ED8F83400CBF82000404660
:108B90003146CBF8246000F027FF0546CBF80800EB
:108BA00006F11C0000F02CFF0646CBF80C000AF082
:108BB00008000BF12C0900274FF48051CBF80080FE
:108BC0004AEAC000CBF82870CBF81C708BF8117003
:108BD000CBF814708BF81000B8F80600ABF804005E
:108BE0004846F7F7CEFE5FEA8A607FF568AF002758
:108BF000002E3FF464AFB8F80A00B8F80C10CBF8B8
:108C0000146001FB00F4380620D1A6421ED9584654
:108C1000294600F0ADFD054601300021022D38BF88
:108C200001214F00002808BF0127361BEBE79DF804
:108C30000E0210F0110F01D007273BE75FEA4A70E0
:108C40007FF565AF082735E7042733E70028CBF821
:108C500018507FF42FAFB8F80C0080B2B6FBF0F4D8
:108C600004FB106088B140462946FEF7A8FD70B1AC
:108C7000221898F80100494601230127CBF81C204F
:108C8000FFF7DEF900287FF415AF002717E702276A
:108C900010E700BF2DE9FE4F044600200F469B461B
:108CA0001646186002A9204602F03EF90546002843
:108CB00040F0AD80657C002D40F0A980207CC0078D
:108CC00001D10725A3E0E068616904F12C08401A8E
:108CD000B04238BF0646DDF80890CDF80480002E7B
:108CE00000F08F80B9F80C00B1FBF0F303FB101219
:108CF000002A48D1B9F80A00013810EA030801D067
:108D0000A16911E029B1A06A28B12046FEF742FD11
:108D100004E0A16803E0A169FBF7D0FE0146022947
:108D200071D3481C71D0A1614846FEF748FD002868
:108D300069D000EB080AB9F80C00864238D2E26923
:108D40005245DDF8048017D0FCF72EF80ADC99F8BC
:108D50000100414601230125FFF782F9002855D182
:108D6000FBF74CFF99F8010041465246FBF797FE8E
:108D700000284BD1B9F80C006169C4F81CA0B1FB04
:108D8000F0F202FB1012851A08EB02013846B542D8
:108D900028BF35462A46F7F78DFDDBF800002F4443
:108DA000761B2844CBF8000060694119616196E7A1
:108DB000B6FBF0F5B9F80A10524605EB08008842F8
:108DC00088BFA1EB080599F8010039462B46FFF74B
:108DD00037F9D0B994F91000DDF80480B0F1FF3F05
:108DE0000BDCE069A0EB0A00A84206D2B9F80C201F
:108DF000414600FB0270F7F75DFDB9F80C004543F2
:108E0000CBE7002503E0022500E001256574284634
:108E1000BDE8FE8F10B5ADF50E7D8D900C468DA88A
:108E200081A9002201F056FB98B9819801A901613E
:108E30008D9981A800F00CFB58B99DF92F020028EC
:108E400006D41CB181A8214600F0FEFC002000E001
:108E500006200DF50E7D10BDF8B56946FBF71CFE2A
:108E60000646A0BB207C410601D400262FE040B27C
:108E7000009DB0F1FF3F21DD216AFBF768FE01266E
:108E800028BB676AF87A394640F02000F8722068FB
:108E9000A26801F073FFE16807F11C0001F077FFA1
:108EA000002078820C48C7F8160028462E7101F081
:108EB0007FFF217C01F0BF012174F8BDE269687871
:108EC00004F12C0101230126FFF7CAF808B130464E
:108ED000F8BDFBF793FECFE70000215470B5ADF568
:108EE0001A7D999099A898A9022201F0F3FA40B945
:108EF000989C6846999920618C948CA800F0A8FAF7
:108F000010B10DF51A7D70BD9DF836629DF95B328A
:108F1000062006F001014A42B3F1FF3FC8BF02F04C
:108F20000700002BEDD40029EBD19399204600F0E7
:108F30005BFD0546F0060FD48CA8FEF7D5FF28B9D7
:108F400025B18CA82946002201F012FD0028D8D1B5
:108F5000204601F02DFFD4E78295809480A800215F
:108F6000FEF7EEFF0028CCD180A8FEF7F9FD00281F
:108F700008BF07200428C4D1DEE72DE9FE4F0446D0
:108F800000200F469A461646186002A9204601F0B6
:108F9000CBFF08B1BDE8FE8F607C0028FAD1207CB1
:108FA00080075CBF0720BDE8FE8F616904F12C0BD0
:108FB000C843B04238BF0646DDF80890CDF804B08B
:108FC000002E00F0A480B9F80C20B1FBF2F000FBF9
:108FD0001213002B57D1B9F80A20013A12EA0008FF
:108FE0001CD129B1A06A40B12046FEF7D3FB08E0AE
:108FF000A06830B92046002101E0A1692046FEF7B3
:10900000E9FB411C00F08C80002800F080800128E2
:1090100000F08480A168A06101B9A060FBF7C4FEE4
:109020000ADCE26999F8010059460123FFF718F8B4
:10903000002875D1FBF7E2FDA1694846FEF7BFFBAA
:1090400000286BD0B9F80C2000EB080B964238D200
:10905000E169606959450ED0E16888420BD299F800
:10906000010001995A460123FEF7EAFF002857D173
:10907000B9F80C206069B0FBF2F1C4F81CB0DDF85F
:1090800004B001FB1203D51A0BEB03003946B542BD
:1090900028BF35462A46F7F70DFC207C40F08000BB
:1090A0002074DAF800002F442844CAF800006169EF
:1090B000E06829448142616188BF0846E060761B10
:1090C0007EE7B6FBF2F5B9F80A105A4605EB080040
:1090D000884288BFA1EB080599F8010039462B4664
:1090E000FEF7BEFFE0B9E069A0EB0B00DDF804B0CD
:1090F000A84208D2B9F80C2000FB02715846F7F7D5
:10910000D9FBFBF77BFDB9F80C004543C9E7207C90
:1091100040F0400020740020BDE8FE8F022000E0F7
:1091200001206074BDE8FE8F80280DD30246002028
:10913000FF2A09D840F2B513994205D112486FF0C1
:10914000FF0100EB4200405A704700BF7F2801D862
:10915000024616E00022B2EB104F12D140F2B513D6
:1091600099420ED1084A0021802905D032F81130E9
:10917000834203D00131F7E7002202E0C8B280F059
:10918000800290B2704700BF8AB700080021B1EB9F
:10919000104F3DD110B5204A1E49B0F5805F38BF51
:1091A0000A461188002930D088422ED353880432D1
:1091B00051FA83F4844207D80021B3F5807F38BF89
:1091C000D9B202EB4102ECE71B0A082B1DD8DFE8FD
:1091D00003F005110B0D0916180F1A00401A32F88A
:1091E000100012E0303810E010380EE020380CE0AB
:1091F00050380AE0411A01F00101401A05E01A381E
:1092000003E0083001E0A0F5E35080B2BDE8104073
:10921000704700BF98B50008DCB4000810B51048CE
:1092200010490122FFF710FC90B116A0F7F7F6FAEB
:109230000C48FAF783FE10B119A0F7F7EFFA0848C7
:10924000084901220124FFF7FFFB30B11BA001E018
:10925000002405A0F7F7E2FA00E00024204610BD44
:1092600078A5002033B40008466174467320466C2C
:10927000617368206D6F756E7420537563636573D9
:1092800073000000466174467320466C6173682069
:109290006D6F756E74204661696C65640000000036
:1092A0004372656174652046696C655379737465B2
:1092B0006D204661696C656400000000466174467B
:1092C0007320466C617368206D6F756E7420466103
:1092D000696C65642032000070B5ADF5835D84B0C3
:1092E0002DA02FA1F7F778F83248FAF727FE08B13A
:1092F00031A006E033482F490122FFF7A5FB38B122
:1093000031A0F7F78BFA01200DF5835D04B070BD35
:10931000324911A80A22FFF7BDFB20B1014630A057
:10932000F7F75AF82DE03448F7F778FA6C4633A18E
:109330003E222046F7F7BEFA11A810AB21463D2287
:10934000FFF71BFE20B101463C48F7F745F815E052
:10935000109A3D2A0ED13B483D21F7F73DF811A860
:10936000FEF79FFE174813490022FFF76DFB70B10F
:109370003548C6E732483D21F7F72EF811A8FEF729
:1093800090FE0C4900200022FFF75EFBBBE72F4850
:10939000F7F744FA0020B7E7257328290A000000F0
:1093A00066696C655F73797374656D5F5265496E4C
:1093B0006974000033B400086D6B667320666169E0
:1093C0006C65640078A500206D6F756E7420666111
:1093D000746673206661696C65640000B1B400084E
:1093E0004372656174652066696C65206661696CAD
:1093F00065643A2025640A0002B40008776966694A
:109400005F6E616D653A6E6F5F6E616D650A77695B
:1094100066695F70617373776F72643A6E6F5F70C5
:10942000617373776F72640A636974795F6E616DDB
:10943000653A6265696A696E6700000098B3000862
:10944000AFB30008DCB3000836B4000845B4000828
:109450002DE9F04F8BB006680F46044638785C283B
:1094600001D02F2801D10137F8E70020A06038781B
:10947000202809D28020002184F82B0020460BB040
:10948000BDE8F04FFEF75CBD06F1380A04F1200993
:109490003046D0F810B00A974FF000080AAF3846AF
:1094A00001F0EEFC0546013000F03C81B5F5803F4F
:1094B000A9B222BF280C2BF8180008F101082029B6
:1094C00026D32F2913D05C2911D07F2906D89DA03F
:1094D0000922F7F7E5F9002840F02481B8F1FE0FE2
:1094E00000F220812BF8185008F10108D7E70A9FF5
:1094F00038785C2801D02F2801D10137F8E72028DF
:109500004FF000004B4638BF01204FEA800903E0CE
:109510000A9F4B464FF00409ABF10200B8F1000F6F
:1095200000F0FD8030F818102E2901D0202902D13A
:10953000A8F10108F2E70021CDF808A02BF81810D7
:109540003BF811200131202AFAD0B1F1010A01D1F2
:109550002E2A01D149F00309B8F1000F06D030F8E6
:1095600018102E2902D0A8F10108F5E718464FF08F
:10957000203103960593A8F1010608220120C3F8C3
:109580000710196059600023049000200690019094
:109590000896501E0790099249F003003BF81A50B4
:1095A000202D03D02E2D05D1564508D00AF1010AF1
:1095B0008146F3E7002D71D00AF1010A00E0C246AE
:1095C000934257D2C24554D0802D24D3284640F22E
:1095D000B51126461C46FFF7B9FD054600060DD419
:1095E000099AB5F5807F234611D307983446834204
:1095F00022D3089E49F003091346CDE7544905F0EC
:109600007F00099A49F0020923460D5C01E049F008
:1096100002093446089E5DB14EA02946072226461F
:109620001C46F7F73DF923463446DDE9086258B198
:1096300049F003095F2518E00599280A089E49F0BA
:109640000209C854013310E0A5F14100069980B227
:109650001A28A5F1610038BF41F0020180B2192833
:109660009CBF203D41F0010106910598C55401338E
:1096700092E7C2460198C00749F003000FD1C245E6
:1096800018BF81460AD806980B220823C2468000DC
:10969000069000200490012001907AE74846DDF80A
:1096A0001490DDE902A6069A99F80010E52904BF96
:1096B000052189F800100499C90718BF920002F02B
:1096C0000C010C2904D0D1B201F00301032901D10E
:1096D00040F00200082101EA420162F3041182070E
:1096E00058BF084384F82B002046FEF721F994F870
:1096F0002B104FEA4171C8B900291ED4A079C006C9
:109700001DD5B0892169B1FBF0F202FB10100AEB04
:109710000001304600F068F9A0602068B9E600203A
:10972000ABF8000006200BB0BDE8F08F0428FAD19A
:109730000420002958BF0520F5E70020F3E70520A5
:10974000F1E700BF2A3A3C3E7C223F7F0000000048
:1097500050B000082B2C3B3D5B5D000003490A68BC
:109760005206FCD5C2B24A60704700BF00100140EB
:1097700002293CBF012070472DE9F04105680C46E5
:10978000E86988422FD92878032842D002282DD0B2
:10979000012828D1A88904EB5407A96AB7FBF0F087
:1097A000FBF7EBF8E8BBA88905F13806B7FBF0F149
:1097B00001FB10710137B7FBF0F016F80180A96AC0
:1097C000FBF7DBF868BBA889E207B7FBF0F101FB08
:1097D0001070305C48EA002108466FF31F3018BF54
:1097E0000809BDE8F0810120BDE8F081A889A96AD7
:1097F0004008B4FBF0F0FBF7C0F890B9A88961000D
:10980000B1FBF0F14843C0EB44002844008FBDE8B1
:10981000F081A889A96A8008B4FBF0F0FBF7ADF8E5
:1098200018B14FF0FF30BDE8F081A889A100B1FB6D
:10983000F0F14843C0EB84002844383000F0E0F8F1
:1098400020F07040BDE8F0812DE9F0470546D0F8E2
:10985000008000208A460AF8160FA869002800F048
:109860008580E86A0C46013023D04FF000090026BD
:10987000D8F8100000210F4630F8161099B10136C3
:1098800027B901F47842B2F5584FF4D041EA0740C5
:109890000AEB0901C9F1FF0201F008F88144002830
:1098A000E6D14FF00009002F504608BF4844002180
:1098B000017004F1090800274FF02E0900260A2E36
:1098C0001DD8E869805D01362028F8D0052808BF3A
:1098D000E520092E04D10B2F9CBF08F80790013713
:1098E00040F2B511FFF720FC40B108EB0701C7F1CA
:1098F0000C0200F0DBFF07440028E0D10027002025
:1099000008F807009AF8000010BBAFB1082100204A
:109910002218537A2E2B0BD093B1A3F14106192EA6
:1099200007D8EE69367B0E4218BF43F0200300E0F3
:10993000102193750130EBE73F208AF800000120E9
:1099400000210AF80010E869007B08B988F80010C7
:10995000ED69E87A00F03F00207205F11C0000F08C
:109960004FF82060E88AE080288BA080BDE8F0876F
:10997000016899B1F0B500228B5C0132202B01D334
:109980003A2BF9D13A2B2BD10B78A3F13004092CC7
:1099900007D8022A05D1302B1DD11FE04FF0FF3030
:1099A0007047104C0023CD5CA5F16106F6B21A2E6B
:1099B00038BF203DE65C0133A6F16107FFB21A2FE4
:1099C00038BF203E370603D0EDB2F6B2AE42EAD041
:1099D0000FB99A4202D04FF0FF30F0BD1144016040
:1099E0000020F0BD93B300080246488B1278032A8A
:1099F00005D10A7D497D090641EA024108447047C4
:109A0000006870472DE9F04F89B0634863A1F6F70D
:109A1000E3FC684868490122FFF73CF820B10146A1
:109A20006648F6F7D9FC24E06548F6F7F7FE61488A
:109A30004FF48061FEF744FB10B1014661A013E0D2
:109A40005C48694608AB2022FFF724F9014650B96B
:109A50000898202807D1684968460C22F6F7F4FEDA
:109A600058B1664826E05FA0F6F7B6FC5148FEF70D
:109A700018FB012009B0BDE8F08F61A0F6F7CEFE1B
:109A800063480799814214D163A0F6F7C7FE684680
:109A90001821FDF7E9FD069A90420ED16248F6F7CB
:109AA000BDFE44480021FEF70BFB58B101465FA004
:109AB000DAE75848F6F7B2FED8E701465948F6F714
:109AC0008BFCD3E7DFF8EC80604DDFF888B100262F
:109AD0000DF120094FF0000A404629464FF400429C
:109AE0004B463446FFF7D6F8B8BB089FC7B33E19BC
:109AF000B4F5806F23D8B6F5806F20D9C4F584699A
:109B0000C346B846B94538BFC846B4F5806F06D0DD
:109B1000C4F5806250462946FDF7BEFD8246B94530
:109B200007D205EB0801A7EB08025046FDF7B4FD8C
:109B30008246D846DFF81CB10DF1200905E05046F9
:109B400029463A46FDF7A8FD8246B10A5846F6F77F
:109B500043FC08980028BFD103E001463C4883E756
:109B60002646059A924510D13C48F6F757FE049ACE
:109B700096420DD13BA0F6F751FE0E48FEF791FA42
:109B80003C48F6F74BFE002074E73348514696E711
:109B90003348314693E700BF45B200086C696D65F4
:109BA0005F636F6E6669726D5F66617466735F6135
:109BB00070700000B0B5002065B3000860B2000806
:109BC00081B300085365656B20746F207461672052
:109BD0006F6666736574206661696C3A2025640D52
:109BE0000A00000052656164207461672066616943
:109BF0006C3A2025640D0A0059B300083AB30008F6
:109C00005461672068656164206F6B0D000000007F
:109C1000454E44004AB3000854616720656E6420D5
:109C20006F6B0D00B0B2000822B300085365656B7E
:109C300020746F2066696C6520737461727420668D
:109C400061696C3A2025640D0A0000006024002040
:109C50004BB200089AB20008DAB200082EB300082E
:109C600075B20008417070206C656E677468206F73
:109C70006B0D000004B300082DE9F84F264827A11A
:109C8000F6F7AAFB2B482C490122FEF703FF20B16F
:109C900001462A48F6F7A0FB33E02948F6F7BEFD57
:109CA000284DDFF89090DFF8A0B00027EA4648463C
:109CB0005946FAF7C7FE38BBDDF8008058462C46F7
:109CC0002946464646B1037822789A4216D1013099
:109CD0000134013E0131F5E747442AA0B90AF6F7FD
:109CE0007BFB009845440028E1D11248FEF7D9F9E2
:109CF0002BA0F6F793FD0020BDE8F88F14A0F6F72F
:109D00006BFB0120BDE8F88F01461048F6F764FBB5
:109D10000848FEF7C6F9F4E745B200086C696D65BE
:109D20005F636F6E6669726D5F666C6173685F61B9
:109D300070700000B0B5002065B3000860B2000884
:109D400081B3000800000108602400204BB2000825
:109D5000436F6E6669726D206661696C65643A2056
:109D6000616464726573733A3078253038782C7684
:109D7000616C75653A25782C20213D207461723A1A
:109D800025780A00436F6E6669726D6564202564EC
:109D9000206B62797465732C20706173730D0A00F7
:109DA000616C6C20636F6E6669726D207061737395
:109DB000656400002DE9F84F354836A1F6F70CFB35
:109DC00000F0DCF900284AD0444C18212046FDF769
:109DD0004BFC014642484268914246D14248F6F760
:109DE0001DFDDFF834814FF0000900252069A842ED
:109DF0003DD905F500414FF40047814288BF471B1C
:109E000007EB050AB5F5806F1BD8BAF5806F18D936
:109E1000A346C5F584643E46BC4238BF2646B5F528
:109E2000806F06D00BEB0500C5F58062FAF79CFD4C
:109E30008146BC420BD20BEB0500BA1B5C4630449A
:109E400001E060193A46FAF78FFD814600E05C4672
:109E50004FEA9A214046F6F7BFFA5546C6E715A0E5
:109E6000F6F7DCFC0020BDE8F88F1E480AE01C482D
:109E70000268914504D11E48F6F7D0FC1DA0EFE71B
:109E80001A484946F6F7A8FA0120BDE8F88F00BF46
:109E900045B200086C696D655F636F6E6669726DCF
:109EA0005F666C6173685F7369676E617475726514
:109EB00000000000417070206E6F74207369676E3F
:109EC00065642C20736B697070696E6720766572AB
:109ED000696669636174696F6E0D000000040108B2
:109EE00014040108B0B2000822B30008DAB2000876
:109EF0002EB30008466C617368206669726D7761E5
:109F0000726520766572696669636174696F6E2037
:109F10007061737365640D009AB200082DE9F04F0B
:109F200087B03C483CA1F6F757FAF7F797FC3E4854
:109F300001210222102301600260036020230360DC
:109F400040230360802303600820069205900420CC
:109F5000CDE903100020CDE9010034A0F6F75EFC46
:109F600002A801A9F7F7E8FB10B1019932A00AE0B5
:109F70003CA0F6F753FC3F483F490122FEF78AFD1B
:109F800038B101463D48F6F727FA012007B0BDE891
:109F9000F08F3B48F6F742FC3A4CDFF8D8903A4D48
:109FA0004FF0000BEA460FF2E80848462946FAF758
:109FB00049FD38BB0026009FBE4209D2AA5DA11907
:109FC00000200023F7F708FC01360028F3D010E04A
:109FD000BB4440464FEA9B21F6F7FEF900983C440B
:109FE0000028E2D12348FEF75CF8F7F7EDFB0020EC
:109FF000CCE72CA0F6F712FC1E48FEF752F8F7F754
:10A00000E3FBC2E701462148F6F7E6F91948FEF7F7
:10A0100048F8BAE745B200086C696D655F636F7018
:10A02000795F6170700000000C3C024073746172D3
:10A030007420657261736500466C617368204572B7
:10A04000617365204661696C2C4572726F7253743E
:10A05000617274416464726573733A2523780D0AE2
:10A06000000000004572617365205375636365737A
:10A0700073000000B0B5002065B3000860B20008AE
:10A0800081B3000800000108602400204BB20008E2
:10A090005772697474656E202564206B62797465EB
:10A0A000730D0A00466C61736820577269746520ED
:10A0B0004661696C0000000080B52548F9F727FF6C
:10A0C000002818BF012080BD10B50E480EA1F6F77C
:10A0D00083F9FFF7A3F810B1002410A00EE015A03B
:10A0E000F6F79CFB1A48F9F71FFF01461FA0022450
:10A0F00018A2002918BF104618BF0124F6F78EFBDE
:10A10000204610BD45B200086C696D655F646574DA
:10A110006563685F6E65775F6170700066696C6526
:10A120002073797374656D20696E69742066616946
:10A130006C65640066696C652073797374656D2065
:10A14000696E697420737563636573730000000042
:10A1500065B3000866696E64207570646174652E6D
:10A1600062696E2066696C65000000006E6F207584
:10A1700070646174652E62696E00000010B513484A
:10A1800013A1F6F729F9174C17490C222046F6F7C8
:10A190005BFB08B1154812E0E069164988420DD111
:10A1A000E068013008D12069013005D160690130D3
:10A1B00002D1A069013006D0012010BD0C48F6F78D
:10A1C0002DFB002010BD0CA0F9E700BF45B2000830
:10A1D0006C696D655F69735F6170705F7369676EED
:10A1E000656400000004010859B300083AB3000890
:10A1F0004AB30008454E4400417070206E6F7420D1
:10A200007369676E65642028696E697469616C2082
:10A2100076616C756573290D00000000B0B5124DB4
:10A2200004460BA022462946F6F7D6F872B60F4927
:10A2300060680860206880F308880D48046008683A
:10A2400080470CA02946F6F7C7F80020B0BD00BF34
:10A25000257328616464726573733A252378292C09
:10A2600073746172740A000073B3000848D300204D
:10A2700008ED00E0257328292C206661696C65646F
:10A280000A000000FFF728B880B5064806A1F6F7D7
:10A29000A3F80E4840210022F7F7C0FBBDE880403C
:10A2A000FAF79ABA45B200086C696D655F73746D10
:10A2B0005F73797374656D5F656E7465725F755FEA
:10A2C0006469736B5F6D6F6465000000000002409D
:10A2D000F7F7BAFBFBF744FBFAF774F8FAF72EF836
:10A2E000F9F7B6FFFAF710F8FAF7ECF9FAF74CFAC3
:10A2F000FAF75EFAFAF724F9FAF742F9FAF776F97B
:10A30000F9F7D2FFFAF7BEF9FAF758F9FAF7E0F8D9
:10A310003EA0F6F783FA45A04AA14DA2F6F75CF8F5
:10A3200000F01AFEFDF794F90A20F7F7F5F9FFF7A8
:10A33000CBFE022815D001280BD098BBFFF73AFDC1
:10A3400060B36148F6F76AFAFFF79CFFC8B35F484D
:10A3500042E05148F6F762FAFFF754FB48B14F4C20
:10A360001DE03E48F6F75AFAFFF724FDA0B13CA0E5
:10A3700032E04B48F6F752FA00200F210D2200235D
:10A38000FDF73EF9FDF764F90A20F7F7C5F9FFF785
:10A39000C5FDC8B143A01FE038A400E0494C2046E9
:10A3A000F6F73CFA002000210D220023FDF728F9E2
:10A3B000FDF74EF90A20F7F7AFF93F48FFF72EFFF8
:10A3C000FEE7FFF761FFFEE73A48F6F727FA3A485B
:10A3D000FFF752FC70B13148F6F720FA3C48F6F727
:10A3E0001DFA00200F2100220023FDF709F9FDF7D7
:10A3F0002FF9FEE72A48F6F711FAFFF75DFE2F4C1A
:10A400000028CCD02E48F6F709FAC8E73E3E3E4376
:10A4100055505F4D415420426F6F746C6F6164659D
:10A420007220537461727421000000003E3E3E436E
:10A430006F6D70696C652054696D653A25732C25C4
:10A44000730A00004D617220313120323032360003
:10A4500032333A31353A30300000000078B100082C
:10A460003E3E3E436F6E6669726D206E6F7720616F
:10A4700070702C204661696C656400003E3E3E436E
:10A480006F6E6669726D206E6F77206170702C2020
:10A49000537563636573730099B1000858B1000880
:10A4A0000CB200083E3E3E436F7079206661696CD5
:10A4B000656400002DB2000800000108F2B1000838
:10A4C0003FB10008D1B100081FB1000801B1000878
:10A4D000AEB100082DE9F04F87B00E4600211546B9
:10A4E0003160FFF745FA002814D49A4F07EB80003B
:10A4F0004468002C44D02078346068B16078FDF75F
:10A50000ADFDC10708D115F07E0F01D040073BD447
:10A5100000204CE00B204AE0002020706078FDF71E
:10A5200063FDC1072ED115F07E0F01D040072BD45B
:10A5300004F10C05607802212A46FDF76BFDA8BBEB
:10A540002888B0F5805F31D8B0F5007F2ED341F672
:10A55000FF710144014229D120460021FDF7B4F8E2
:10A56000022821D10DF10C0800264546402E0DD0C1
:10A57000A01900F5FF70FFF743FA01C51036F5E7A3
:10A580000C2014E0032012E00A2010E0002658F806
:10A59000261019B12046FDF797F800E00320022E9F
:10A5A00002D801360128F2D8042803D1012007B0CF
:10A5B000BDE8F08F012833D8B4F84360A089864203
:10A5C0002ED1B4F84E90656BB9F1000F04D104F1AF
:10A5D0005C00FFF715FA814694F84880C4F8209093
:10A5E000A8F1010084F80380012819D8029594F895
:10A5F0004550681E658185EA0001C0B2C9B281423A
:10A600000ED9B4F849A0700981B21FFA8AF2A4F8F1
:10A6100008A0B2FBF1FB01920BFB10A0000401D0DB
:10A620000D20C4E7B4F84B0018B904F15800FFF747
:10A63000E7F9B4F84620002AF2D009FB08F18B189C
:10A640005B449842ECD3C01AA842E9D3B0FBF5F0C2
:10A65000414D4FF0000BA8424FF6F67538BF4FF052
:10A66000030BA84240F6F57538BF4FF0020BA84225
:10A6700098BF4FF0010BBBF1000FD1D0029D00F14C
:10A680000208BBF1030FC4F81C802A442B44236347
:10A69000C4E909520CD1B4F8620001990843BFD152
:10A6A00004F16400FFF7ACF9E0624FEA880011E0C2
:10A6B0005FEA0A43B4D01144E162A0F6F671090BD7
:10A6C0000E2991BF4FEA480008EB480100F0010055
:10A6D00000EB510030440138B0FBF6F081459FD3C8
:10A6E0004FF0FF30C4E905008020BBF1030F60711B
:10A6F00029D1B4F86800012825D10298411C2046D0
:10A7000000F030F8F8B900204AF655216071B4F82D
:10A710003602884217D104F13800FFF771F90F496A
:10A72000884210D104F50770FFF76AF90C49884296
:10A7300009D104F50870FFF763F9A06104F5097009
:10A74000FFF75EF96061388884F800B00130388026
:10A75000E080DDE67C010020F6FFFF0F52526141F0
:10A7600072724161B0B50546406B884204BF00205B
:10A77000B0BD28460C4600F061FB08B10120B0BD19
:10A78000687805F1380122460123FDF759FC0028BD
:10A7900018BF4FF0FF346C6318BF0120B0BD2DE926
:10A7A000F047022945D30546C0690E46884240D984
:10A7B00028781446032852D002283ED0012838D1E8
:10A7C000A88906EB5607A96AB7FBF0F0FAF7D5F8A7
:10A7D00000284CD1A88907F1010905F138085FEA82
:10A7E000C67A2246B7FBF0F101FB107105D018F8CC
:10A7F000012002F00F0264F30B1208F80120B9FBEC
:10A80000F0F0A96A01262F4607F8046FFAF7B5F8A9
:10A8100080B9A889BAF1000FB9FBF0F101FB1090E3
:10A820003FD118F80010C4F3032201F0F0011144E5
:10A8300038E002263046BDE8F087A889A96A4008BA
:10A84000B6FBF0F0FAF799F888B9A8897100B1FB66
:10A85000F0F14843C0EB4600284404871CE0A88977
:10A86000A96A8008B6FBF0F0FAF787F808B101266C
:10A87000E0E7A889B100B1FBF0F14843C0EB8600E6
:10A88000284400F138063046FFF7BAF80146304652
:10A8900064F31B0100F07BFA2F1D012000263870A5
:10A8A000C8E7210908F80010F7E700007F2802D860
:10A8B00062B301220DE00023B3EBD02F0BD1022AAB
:10A8C00024D30222034662F39F134B70C02343EA52
:10A8D000901008701BE0B3EB104F15D1032A15D36D
:10A8E00000F47842B2F5584F10D00222034662F3CA
:10A8F0009F138B70E02343EA1033800962F39F10AB
:10A900000B700322487002E0042A02D20022104693
:10A91000704710B54FF6FF72144C20EA020202F1A4
:10A9200020530022A3421BD80F4C14FA80F4B2EB40
:10A93000942F15D19A09022363F39F10C87042EA3D
:10A940000400820900F5803063F39F128A70F022C0
:10A9500042EA9042000B0A7063F39F100422487091
:10A96000BDE81040D3E700BF0024FFFFC0FFFF0396
:10A97000022901D2022035E0F8B5056804460E46EA
:10A98000E86988422BD9DAB1114628464FF0FF32E8
:10A99000FFF705FF20BB13E0284631460022FFF7F2
:10A9A000FEFEE8B9D5E90610821E914205D20131BA
:10A9B000A961697941F00101697187423E4613D26C
:10A9C00020463146FEF7D4FE074601300328E3D285
:10A9D000064901EAC000064921FA00F000E0022021
:10A9E000BDE8F840C0B270470020F9E7F8FFFF006B
:10A9F0000100020070470000F8B5002859D0064653
:10AA0000007A0A2855D8314C4FF480510022204654
:10AA1000F7F704F82E494FF0FF308881C1E90000B4
:10AA200088607278307808703AB17068020AC8702D
:10AA3000000C487004208A7000E00120327A254D15
:10AA4000104401F10E02C3B22846F8F751FCF6F7A4
:10AA5000EBFF074695F85100012806D0F6F7E4FF12
:10AA6000C01BB0F57A7FF5D923E0F06820B3D6E9B2
:10AA7000041229B162B183B21648F8F739FC0BE031
:10AA800012B383B2134811461A46F8F7D3FB03E01A
:10AA900082B21048F8F7A0FCF6F7C6FF064695F814
:10AAA0005100012808D0F6F7BFFF801BB0F57A7F70
:10AAB000F5D901252846F8BD002520464FF48051E0
:10AAC0000122F6F7ABFFF5E70125F6E700040240A7
:10AAD00060010020F8D0002070B58CB00446A64874
:10AAE0000DF1180C90E86E004069ACE86E000B9018
:10AAF00006A8FFF781FF6E46054618213046F5F798
:10AB000040FF4FF490700194ADF800003046FFF71D
:10AB100073FF04464FF4FA7000F0BEF86019C0B23B
:10AB20000CB070BD10B53C4CE06800B110BD002009
:10AB300000F008F8E06810BD80B5FFF7F3FF000BE8
:10AB400080BD00002DE9F0418CB004462548DFF8B7
:10AB5000AC80069023A007AE051D40692ECD0B905A
:10AB60002EC606A8C04705462548009024A001AF80
:10AB7000061D40694ECE059068464EC7C047264E1A
:10AB800003210027054409919F210A978DF8207021
:10AB900007970B96ADF8181006A8C0472D1809D1D5
:10ABA000B0781538C0B204289ABF1CA151F8200013
:10ABB0000020F06008200A970797099004208DF87C
:10ABC00020004B20ADF81800F01C0B9006A8FFF7F2
:10ABD00013FF0CB14ECE4EC42844C0B20CB0BDE839
:10ABE000F08100BF660000000000000000000000CF
:10ABF000000000000000000000000000F9A90008AB
:10AC000099000000000000000000000000000000AB
:10AC100000000000000000006CE3002000002000A5
:10AC20000000400000008000000000010000000261
:10AC30002DE9F04F87B0174F1546894682464FF0F1
:10AC4000000B4FF0000840F203102C46CDE905B789
:10AC50008DF80CB0B5F5805FADF8040008EB090085
:10AC600028BF4FF480540494029001A8FFF7C4FE5B
:10AC700006460AEB080039462246F5F71BFE1EB9C8
:10AC80002D1B03D0A044DEE7012000E0002007B028
:10AC9000BDE8F08F6CD300202DE9F04788B0044662
:10ACA000F6F7C2FE002705460DF11F084FF0010917
:10ACB0004FF0050A8DF81F7001AE3046CDF81880B0
:10ACC000CDE904978DF80C700297ADF804A0FFF75A
:10ACD00093FE9DF81F00C00706D0F6F7A5FE401BA7
:10ACE000A042EAD9032000E0002008B0BDE8F087C8
:10ACF0002DE9F04F91B0CDE903011F48154600271B
:10AD00000026016800F1080B9BE8000F02914168E2
:10AD1000019102980B9001980CA981E8010F0BA8F2
:10AD2000FFF76AFE039900222C4607440A92B5F504
:10AD3000807F3144099128BF4FF4807404990894AE
:10AD40008DF81C20314406914FF48171ADF8141038
:10AD500005A8FFF751FE07446420FFF79DFF50FA56
:10AD600087F7380604D12D1B01D02644D1E70027F0
:10AD7000F8B211B0BDE8F08F20B000084A83007827
:10AD8000032803D1100E4875100C08757047016038
:10AD9000704710B500210022D2B2435C0131540843
:10ADA00044EAC2120B291A44F6D1D0B210BD0000F9
:10ADB000B0B5044600F042F808B10120B0BD2078DB
:10ADC00003282DD1607901282AD104F13C0040F6F6
:10ADD000FC71F5F7D6FD1748254645F8380F16489B
:10ADE00055F8201CC5F8E4014AF65520A5F8FE01E7
:10ADF00005F5F470FFF7CBFF55F8241C05F5F67048
:10AE0000FFF7C5FF55F8140C29460123421C15F81D
:10AE1000370C45F8042CFDF723F9002005F8330C16
:10AE2000607800210022FDF7F5F8002818BF012006
:10AE3000B0BD00BF525261417272416170B50446AB
:10AE40000079D0B104F13805626B607801230126E6
:10AE50002946FDF705F988B9A26A616B206A0026C8
:10AE600026718A1A824209D2E278022A06D1421851
:10AE7000607829460123FDF7F3F80026304670BDBF
:10AE800070B5036801461A4612F9014BE0B2B4F1FD
:10AE9000FF3F02DD13460B6070BD00F0E004C02CE4
:10AEA00002D101241F250CE000F0F004E02C02D1B7
:10AEB00002240F2505E000F0F804F02C1CD1032437
:10AEC00007252344284001330546107800F0C006CA
:10AED000802E11D100F03F00013C02F1010240EA56
:10AEE0008510F1D1802807D30C4A2A40B2F5587F4B
:10AEF00002D0020C102A02D94FF0FF3070BDB0F51D
:10AF0000803FC8D34FF07072054C6FF39F2002EB67
:10AF1000053222401044034A1043BCE7E0FFFF0320
:10AF20000000FF0300DC00D8B0B50C4680B1054638
:10AF3000006868B1017859B1C188AA888A4207D1EE
:10AF40004078FDF78BF8C00702D12968002001E0A6
:10AF5000002109202160B0BD10B5094C0020F9F78F
:10AF600008FD0120F9F705FD0220F9F702FD032095
:10AF7000002100220023A446BDE81040604700BF26
:10AF80000176000830380A2801D2012070470020DD
:10AF90007047000010B500290AD00878002807D0B3
:10AFA00005487844F5F714FD002801D0002010BDB5
:10AFB0000248784410BD00000A09000002090000A0
:10AFC000F1EE100A4FF6FF71C0F2C03120EA010025
:10AFD00040F04070E1EE100A7047000000000000F1
:10AFE00000000000303132333435363738394142D1
:10AFF00043444546403058003031323334353637DB
:10B000003839616263646566403078000400000886
:10B01000000000000000000200010000100000001D
:10B02000060000000000000000000000000000001A
:10B030000000000000000000000000000000000010
:10B0400001020304060708090000000001020304CE
:10B05000809A45418E418F804545454949498E8FAB
:10B060009092924F994F555559999A9B9C9D9E9FAE
:10B0700041494F55A5A5A6A7A8A9AAABACADAEAFAF
:10B08000B0B1B2B3B4B5B6B7B8B9BABBBCBDBEBF48
:10B09000C0C1C2C3C4C5C6C7C8C9CACBCCCDCECF38
:10B0A000D0D1D2D3D4D5D6D7D8D9DADBDCDDDEDF28
:10B0B000E0E1E2E3E4E5E6E7E8E9EAEBECEDEEEF18
:10B0C000F0F1F2F3F4F5F6F7F8F9FAFBFCFDFEFF08
:10B0D00001030507090E10121416181C1E00800229
:10B0E000021F00000053544D202020202050726F7A
:10B0F00064756374202020202020202020302E30F2
:10B10000313E3E3E4372656174652046696C652040
:10B1100053797374656D2C204661696C6564003EDB
:10B120003E3E436F6E6669726D20696E7465726E25
:10B13000616C206170702C204661696C6564003E12
:10B140003E3E44656C207570646174652E62696E64
:10B15000204661696C6564003E3E3E436F6E6669E1
:10B16000726D204661744673204E65772041707081
:10B17000204661696C6564003E3E3E4E6F207570EE
:10B18000646174652E62696E2C206E6F206E656539
:10B190006420757064617465003E3E3E466174468D
:10B1A0007320686173206E6577206170700065722E
:10B1B000726F72206F636375727265642C20706C9D
:10B1C000656173652072652D706F7765722075708B
:10B1D000003E3E3E436F6E6669726D20696E746517
:10B1E000726E616C206170702C205375636365739F
:10B1F00073003E3E3E44656C207570646174652E3C
:10B2000062696E2053756363657373003E3E3E430F
:10B210006F6E6669726D204661744673204E657765
:10B22000204170702053756363657373003E3E3E2A
:10B23000436F7079204E657720417070205375639D
:10B240006365737300257328290A0046696C6520BD
:10B2500052656164204661696C3A2025640D0A00DC
:10B260004F70656E2046696C65204661696C3A20B6
:10B2700025640D0A00417070206C656E677468204B
:10B280006572726F722C2063616C3A25642C207396
:10B29000617665643A25640D0A0050726F636573C8
:10B2A000736564202564206B62797465730D0A00F0
:10B2B00054616720637263206572726F722C206321
:10B2C000616C3A3078253038782C2073617665646B
:10B2D0003A3078253038780D0A004170702063725A
:10B2E00063206572726F722C2063616C3A3078252E
:10B2F0003038782C2073617665643A3078253038A0
:10B30000780D0A004669726D776172652076657204
:10B31000696669636174696F6E20706173736564D7
:10B320000D0054616720637263206F6B0D004170E4
:10B330007020637263206F6B0D0054616720686535
:10B340006164206572726F720D0054616720656ED2
:10B3500064206572726F720D004C494D452D544149
:10B36000472D535400443A2F7570646174652E6202
:10B37000696E006C696D655F6A756D705F61707094
:10B38000004F70656E2046696C6520537563636578
:10B3900073730044004F56005772697465206669E4
:10B3A0006C65206661696C65643A2025640A004218
:10B3B00079746520636F756E74206D69736D617447
:10B3C00063683A2065787065637465642025642C31
:10B3D0002061637475616C2025640A0046696C65A0
:10B3E00020777269746520636F6D706C6574656435
:10B3F0002C2077726F7465202564206279746573E0
:10B400000A0046696C652063726561746564207327
:10B4100075636365737366756C6C792C20737461E6
:10B4200072742077726974696E6720646174612E2A
:10B430002E2E00443A0052656D6F756E7420666161
:10B44000696C656400466163746F7279207265731C
:10B45000657420636F6D706C657465640048656C1D
:10B460006C6F5951592C6A7573742074657374200C
:10B4700066696C652063726561746520262073615E
:10B48000766500443A2F77727968626F6C642E7427
:10B49000746600443A2F776561746865725F7768F7
:10B4A0006974652F39392E62696E0025732F2573F3
:10B4B00000443A2F73657474696E672E7478740053
:10B4C0000100040010004000000100020000010023
:10B4D0000200040008001000200000007D1D010093
:10B4E000632C001E9601A01E5A01001F0806101FA3
:10B4F0000606201F0806301F0806401F0606511FBB
:10B500000700591F521F5B1F541F5D1F561F5F1FEF
:10B51000601F0806701F0E00BA1FBB1FC81FC91F7F
:10B52000CA1FCB1FDA1FDB1FF81FF91FEA1FEB1F13
:10B53000FA1FFB1F801F0806901F0806A01F0806A1
:10B54000B01F0400B81FB91FB21FBC1FCC1F0100E1
:10B55000C31FD01F0206E01F0206E51F0100EC1FFB
:10B56000F31F0100FC1F4E21010032217021100247
:10B57000842101008321D0241A05302C2F04602C53
:10B580000201672C0601752C0201802C6401002D3C
:10B59000260841FF1A03000061001A03E0001703A8
:10B5A000F8000703FF0001007801000130013201BB
:10B5B0000601390110014A012E01790106018001BD
:10B5C0004D004302810182018201840184018601D0
:10B5D0008701870189018A018B018B018D018E0111
:10B5E0008F0190019101910193019401F60196015F
:10B5F0009701980198013D029B019C019D01200249
:10B600009F01A001A001A201A201A401A401A60121
:10B61000A701A701A901AA01AB01AC01AC01AE01D0
:10B62000AF01AF01B101B201B301B301B501B50181
:10B63000B701B801B801BA01BB01BC01BC01BE0130
:10B64000F701C001C101C201C301C401C501C401A8
:10B65000C701C801C701CA01CB01CA01CD01100150
:10B66000DD0101008E01DE011201F3010300F10191
:10B67000F401F401F8012801220212013A02090042
:10B68000652C3B023B023D02662C3F024002410218
:10B69000410246020A01530240008101860155021F
:10B6A00089018A0158028F015A0290015C025D02F1
:10B6B0005E025F029301610262029401640265020C
:10B6C00066026702970196016A02622C6C026D02A3
:10B6D0006E029C01700271029D01730274029F014F
:10B6E00076027702780279027A027B027C02642C6D
:10B6F0007E027F02A60181028202A90184028502E4
:10B7000086028702AE014402B101B20145028D02F8
:10B710008E028F0290029102B7017B030300FD03AA
:10B72000FE03FF03AC0304008603880389038A0336
:10B73000B1031103C2030200A303A303C40308035C
:10B74000CC0303008C038E038F03D8031801F2038C
:10B750000A00F903F303F403F503F603F703F70311
:10B76000F903FA03FA0330042003500410076004BD
:10B7700022018A043601C1040E01CF040100C00475
:10B78000D0044401610526040000C700FC00E90064
:10B79000E200E400E000E500E700EA00EB00E8007A
:10B7A000EF00EE00EC00C400C500C900E600C600D2
:10B7B000F400F600F200FB00F900FF00D600DC0008
:10B7C000A200A300A500A7209201E100ED00F30074
:10B7D000FA00F100D100AA00BA00BF001023AC00AB
:10B7E000BD00BC00A100AB00BB00912592259325B4
:10B7F00002252425612562255625552563255125D9
:10B8000057255D255C255B251025142534252C2521
:10B810001C2500253C255E255F255A2554256925D4
:10B820006625602550256C256725682564256525D6
:10B8300059255825522553256B256A2518250C2591
:10B84000882584258C2590258025B103DF0093036E
:10B85000C003A303C303B500C403A6039803A9034D
:10B86000B4031E22C603B50329226122B10065225A
:10B87000642220232123F7004822B0001922B700B8
:10B880001A227F20B200A025A0000000C0B9000845
:10B890000000002000010000EC010008C0BA000810
:10B8A00000010020000301000C020008100100004C
:10B8B00043000000F8FFFFFF004040404040404090
:10B8C0004040414141414140404040404040404073
:10B8D0004040404040404040400502020202020217
:10B8E0000202020202020202022020202020202066
:10B8F000202020020202020202029090909090907A
:10B900001010101010101010101010101010101037
:10B9100010101010020202020202888888888888AB
:10B920000808080808080808080808080808080897
:10B93000080808080202020240000000000000009F
:10B9400000000000000000000000000000000000F7
:10B9500000000000000000000000000000000000E7
:10B9600000000000000000000000000000000000D7
:10B9700000000000000000000000000000000000C7
:10B9800000000000000000000000000000000000B7
:10B9900000000000000000000000000000000000A7
:10B9A0000000000000000000000000000000000097
:10B9B0000000000000000000000000000000000087
:10B9C0008101000001000000100000003D6000083F
:10B9D000696000087560000899600008C16000088F
:10B9E0002160000849600008000600000000000017
:10B9F00003000000000000020080008000082020FA
:10BA0000202000000024F400120100020000004089
:10BA100083042A5700020102030100000403090401
:10BA20005166000885650008D76600080000000020
:10BA3000000000006F650008796500080000000044
:10BA4000000000000000000009660008E965000829
:10BA50002D660008DD65000809022000010104C010
:10BA60003209040000020806500507058102400063
:10BA700000070501024000000A0600020000004025
:10BA800001000000E3570008C9570008F3570008F9
:10BA9000F7570008FD57000885580008DF570008D1
:10BAA000DDB000081A0300000000000000000000E4
:10BAB0000000000000000000000000000000000086
:040000050800018965
:00000001FF
