:020000040800F2
:1000000000140120A50200084D480008C13E000868
:1000100029480008E50C0008E5750008000000000C
:10002000000000000000000000000000655900080A
:10003000A30D000800000000414E000867590008A9
:10004000BF020008BF020008BF020008BF0200088C
:10005000BF020008BF020008BF020008BF0200087C
:10006000BF020008BF020008BF020008BF0200086C
:10007000BF020008BF020008090D0008150D0008A6
:10008000210D00082D0D0008BF020008BF02000866
:10009000BF020008BF020008BF020008BF0200083C
:1000A000BF020008BF020008BF020008BF0200082C
:1000B000BF020008BF020008BF020008BF0200081C
:1000C000BF020008BF020008BF020008BF0200080C
:1000D0001D550008BF020008995F0008BF02000814
:1000E000BF020008BF020008BF020008BF020008EC
:1000F000155A0008BF020008BF020008BF0200082E
:10010000BF020008BF020008BF020008BF020008CB
:10011000BF020008BF020008BF020008BF020008BB
:10012000BF020008BF020008390D0008450D000895
:10013000BF0200080000000000000000BF0200082D
:10014000BF020008BF020008BF020008694800089B
:10015000BF020008BF020008BF020008BF0200087B
:10016000BF020008BF020008BF020008BF0200086B
:10017000BF020008BF0200080000000000000000ED
:10018000BF020008BF02000800F002F800F07AF891
:1001900014A696E8000CB244B344DA4501D100F04D
:1001A00071F8BAE80F000FA696E83000A5EB040539
:1001B00004EB0607AAEB0704A7F101074FEA1515A0
:1001C0004FEA3414A4F10104AC4201D300F05AF810
:1001D00013F0010F18BFFB1A43F0010300F001F800
:1001E000DBE718476CB700008CB70000103A24BF5B
:1001F00078C878C1FAD8520724BF30C830C144BF8C
:1002000004680C6070470000704700000023002461
:1002100000250026103A28BF78C1FBD8520728BF16
:1002200030C148BF0B607047692900F043816429E1
:1002300000F04081752900F03D816F2900F0D481E4
:10024000782900F0FB810368DB0928BF41F08001B9
:10025000632900F07B84732900F08084E32900F097
:100260009D84002070471FB50AF0BCFE00F000FD21
:100270000400002000210AF09FFE401C60601FBDAA
:1002800010B510BD00F000FD1146FFF7ECFF0AF0BD
:1002900021F800F01EFD03B4FFF7F2FF03BC07F0E6
:1002A000E5F900000948804709480047FEE7FEE7F6
:1002B000FEE7FEE7FEE7FEE7FEE7FEE7FEE7FEE716
:1002C00004480549054A064B70470000055A0008D6
:1002D0008901000850E400200014012050F400209F
:1002E00000040120704753EA020C00F069802DE9F8
:1002F000F04B4FF00006002B1FBFB3FA83F503FA53
:1003000005F424FA05F65E4012BF1643B2FA82F5F0
:1003100002FA05F4C5F120051EBF22FA05FC44EAE5
:100320000C04203556EA044C4FEA144418BF641CF0
:100330004FF000084FF00009904271EB030C39D3E5
:10034000002919BFB1FA81F701FA07F6B0FA80F770
:1003500000FA07F6C7F120071EBF20FA07FC46EA9D
:100360000C062037B6FBF4FCA7EB0507103F07F09F
:100370001F0BCBF120062CFA06F60CFA0BFB44BF40
:10038000B3460026202FA4BF5E464FF0000B5BEA69
:10039000060C08BF4FF0010B19EB0B0948EB0608E0
:1003A000ABFB027C06FB02CC0BFB03CCC01B71EB4E
:1003B0000C01C1E70B46024641464846BDE8F08BBA
:1003C00013B5084318BF4FF0FF300146AFF300806C
:1003D000BDE81C40704700000FB4044910B503AAE3
:1003E000029800F0BFFB10BC5DF814FB0024002055
:1003F00070B5044685690068C10601D5302600E065
:100400002026C00707D070BDD4E9012130469047AF
:10041000206A401C20626D1EF6D570BD70B5044682
:1004200085690078C00707D170BDD4E9012120207B
:100430009047206A401C20626D1EF6D570BD096889
:100440004A0501D540B27047C905FCD500B27047D6
:1004500009684A0501D5C0B27047C905FCD580B20C
:10046000704770B50C460546012A05D028788006ED
:1004700000D5EA69002302E0012305E05B1C9342FA
:1004800002D2E05C0028F9D1A869E618C01AA86178
:10049000286A184428622846FFF7AAFF04E0D5E935
:1004A000012114F8010B9047B442F8D32846FFF716
:1004B000B5FF70BD2DE9F04106460024106875298E
:1004C000314616A510D0FFF7BAFF002802DA4042E5
:1004D00013A507E031688A0701D512A502E0490794
:1004E00004D511A5012401E0FFF7B2FF00210A2283
:1004F00006F1240709E0B0FBF2FCB0FBF2F302FBCB
:100500001C00303078541846491C0028F3D123468B
:100510002A463046BDE8F04100F09CBA00000000D9
:100520002D0000002B000000200000002DE9FF5FDF
:1005300015468A460446DFF8AC80F8440027D8E91F
:1005400000103E46CDE9001010E03AF816106A4659
:1005500002A800F02FFB411C07D02178890603D5A3
:10056000E269391891420DD80744761C207880063C
:1005700002D5E069B84205DDAE42E6DB3AF8160086
:100580000028E2D1A069C01BA0612046FFF730FF20
:10059000D8E90010CDE90010002017E03AF8181053
:1005A0006A4602A800F006FBB0F1FF3F81460BD07F
:1005B00000250DF1080B05E0D4E901211BF8050029
:1005C00090476D1C4D45F7D308F10100B0428046BD
:1005D000E4DB206A384420622046FFF71FFFBDE8B5
:1005E000FF9F0000C2AA000070B5044621461068B3
:1005F000FFF72EFF002104F1240505E000F00702BB
:100600003032C0086A54491C0028F7D12068002302
:1006100008A2050708D500F02000084304D0E069CF
:10062000012305A2401EE0612046BDE8704000F0B5
:1006300011BA0000000000003000000070B5044650
:100640000D4621461068FFF703FF2188090502D5F2
:100650000F4A7A4402E00E4A7A440E32002104F135
:10066000240305E000F00F060009965D5E54491C66
:100670000028F7D120780023000704D5702D02D080
:1006800009B1022311322046BDE8704000F0E2B902
:10069000B2A900002DE9F05F894604464FF0000A38
:1006A000DFF874B1FB44C0F820A02046E168884719
:1006B000002874D0252806D0D4E901219047206A6B
:1006C000401C2062F1E700265F462046E16888472B
:1006D0002028054607DB312D05D2781910F8200CAB
:1006E00008B10643F1E7B00701D526F00406C4F8C7
:1006F0001CA00027C4F818A02A2D09D028460AF00B
:1007000053FC38B304EB8708303DC8F8185019E0A3
:1007100059F8041B204604EB87029161E168884781
:10072000012F054618D1E069002820DA26F02006BE
:100730001DE0D8F8180000EB800005EB40003038D1
:10074000C8F818002046E168884705460AF02CFCE6
:100750000028EED1012F0AD02E2D08D12046E168C5
:1007600088477F1C0546022F46F02006C4DBA0699F
:10077000002803DA404246F00106A061F00701D0EC
:1007800026F010066C2D0BD0682D09D04C2D39D0D9
:100790006A2D35D0742D35D07A2D33D016E038E05F
:1007A000E1682F4620468847B842054609D16C2F9C
:1007B00026D04FF48060E16806432046884705460E
:1007C00004E06C2F1AD04FF4807006430DB3A5F1EE
:1007D0004100192802D8203546F400664A462946C9
:1007E000204626604E46FFF71FFD80B101280BD042
:1007F000F61D26F0070000F1080956E74020E4E75F
:100800008020D8E70020D6E706F104094DE7284606
:1008100052E7206ABDE8F09F88A9000010B50446A1
:1008200003E008F09FFF401C09D014F8010B0549B4
:100830000028F6D1BDE810400A2008F093BF4FF021
:10084000FF3010BD0024002040EA010310B59B07D3
:100850000FD1042A0DD310C808C9121F9C42F8D02A
:1008600020BA19BA884201D9012010BD4FF0FF30DB
:1008700010BD1AB1D30703D0521C07E0002010BDF1
:1008800010F8013B11F8014B1B1B07D110F8013B7D
:1008900011F8014B1B1B01D1921EF1D1184610BD5E
:1008A000CBB22AB101788B4203D0401C521EF9D141
:1008B00000207047032A40F2308010F0030C00F053
:1008C000158011F8013BBCF1020F624498BF11F88A
:1008D00001CB00F8013B38BF11F8013BA2F1040243
:1008E00098BF00F801CB38BF00F8013B11F00303BB
:1008F00000F08481083AC0F0088051F8043B083ABF
:1009000051F804CBA0E80810F5E7121D5CBF51F8C0
:10091000043B40F8043BAFF30080D20724BF11F83A
:10092000013B11F801CB48BF11F8012B24BF00F89F
:10093000013B00F801CB48BF00F8012B70474FF096
:1009400000020429C0F0128010F0030C00F01B809C
:10095000CCF1040CBCF1020F18BF00F8012BA8BFAA
:1009600020F8022BA1EB0C0100F00DB85FEAC17C6E
:1009700024BF00F8012B00F8012B48BF00F8012B21
:1009800070474FF0000200B5134694469646203952
:1009900022BFA0E80C50A0E80C50B1F12001BFF438
:1009A000F7AF090728BFA0E80C5048BF0CC05DF89E
:1009B00004EB890028BF40F8042B08BF704748BFEC
:1009C00020F8022B11F0804F18BF00F8012B704760
:1009D00030B44FF0013C50F8042B51F8043BCCFAF2
:1009E00052F4D51A20D1FCB950F8042B51F8043B2D
:1009F000CCFA52F4D51A17D1B4B950F8042B51F8E7
:100A0000043BCCFA52F4D51A0ED16CB950F8042B31
:100A100051F8043BCCFA52F4D51A05D1002CDAD0A7
:100A200030BC4FF00000704729BAB1FA81F111F0E3
:100A30001801D1F120008440F2D1CA40CB4012F01D
:100A4000FF0213F0FF0330BCD01A704770477047A5
:100A5000704770472DE9F0470D4699469246044687
:100A600000F124080168880604D5E06921F010012E
:100A7000216000E00120A84201DD471B00E00027C3
:100A8000A1697A1902EB0900081AA0612078C00652
:100A900002D42046FFF7ACFC002608E0D4E901218F
:100AA0001AF806009047206A401C761C20624E45CA
:100AB000F4DB2078C0060AD52046FFF799FC06E053
:100AC000D4E9012130209047206A401C2062381E62
:100AD000A7F10107F4DC07E0D4E9012118F80500CB
:100AE0009047206A401C2062281EA5F10105F3DC16
:100AF0002046FFF793FC2078000602D50220BDE8CF
:100B0000F0870120FBE7000001694A1C02610878B8
:100B1000704700B58FB0CDE901310021059105493D
:100B20007944CDE9031011466846FFF7B3FD0FB0D5
:100B300000BD0000E5FFFFFF10B5436913B1AFF33F
:100B4000008001E0FFF78DFC012010BD127800F15C
:100B500024010A7000224A700122EDE711684FF06B
:100B6000FF32E9E7074B70B50D467B44FFF7D1FF35
:100B70000446284600F080F810B14FF0FF3070BDF9
:100B8000204670BDF78B000010B5436913B1AFF379
:100B9000008001E0FFF7CAFC012010BD128800F1BF
:100BA000240182840022C2840122EDE711684FF003
:100BB000FF32E9E72DE9F04116460C46054600F004
:100BC0004FF8036893F80101012807D0FF2C12D8D1
:100BD000185D80B101202C70BDE8F081D3F80701C9
:100BE0003246214603F20713C7182846BC46BDE823
:100BF000F041002360474FF0FF30EDE710B5203A99
:100C0000C0F00B80B1E81850A0E81850B1E81850B7
:100C1000A0E81850203ABFF4F5AF5FEA027C24BF89
:100C2000B1E81850A0E8185044BF18C918C0BDE872
:100C300010405FEA827C24BF51F8043B40F8043B3B
:100C400008BF7047D20728BF31F8023B48BF11F8F0
:100C5000012B28BF20F8023B48BF00F8012B70474A
:100C600010B500F005F8001D10BD00BF4DA3000039
:100C70000048704720010020007B00F08000704792
:100C800000487047000100207546FFF7F9FFAE46A7
:100C900005006946534620F00700854618B020B588
:100CA000FFF70EFBBDE820404FF000064FF00007B5
:100CB0004FF000084FF0000BAC46ACE8C009ACE8C0
:100CC000C009ACE8C009ACE8C00921F007018D46B5
:100CD000704710B50446AFF300802046BDE81040D1
:100CE000FFF7D9BA024803A1FFF776FBFEE700BF82
:100CF000C8B200084275734661756C745F48616ED6
:100D0000646C657200000000014800F0A9BB00BFE0
:100D10001CCA0020014800F0A3BB00BF7CCA002011
:100D2000014800F09DBB00BF5CC90020014800F0F5
:100D300097BB00BF3CCB0020014800F091BB00BF37
:100D4000DCCA0020014800F08BBB00BFBCC90020FA
:100D5000026840F2FF3122EA010102F0F802103A83
:100D60005F2A88BF043181651823B2FBF3F202A326
:100D70009A5CC265084670470006101600061016F9
:100D8000B0B50468806825684028084625F48025A9
:100D90002560636008BF1046A06008BF0A46E26095
:100DA000B0BD704702A004A1FFF716FB72B6FEE7C4
:100DB0000A257328290A00004572726F725F486124
:100DC0006E646C65720000004B4A0329136823F4BB
:100DD000407313604FF4407338BF0B02116819431E
:100DE0001160116821F0F8011160116841EAC0003A
:100DF00040F002001060106840F4803010607047CE
:100E00001348016889050FD5016821F4007101605C
:100E1000016841F400610160016821F40061016032
:100E2000016841F400710160016849050FD501684E
:100E300021F480610160016841F480510160016822
:100E400021F480510160016841F4806101607047C4
:100E5000003C024028490A6822F440720A600A688D
:100E600042F004020A600A6842EA002040F480303E
:100E700008607047204A136823F4407313601368B6
:100E80001360136843F0010313600170704700BFE3
:100E900010B519490C6824F440740C600C6844F4D3
:100EA00040740C600C6844F001040C600260BFF3F5
:100EB0006F8F436010BD00BF0F4A136823F4407367
:100EC0001360136843F480731360136843F00103E5
:100ED00013600180704700BF074A136823F4407312
:100EE0001360136843F400731360136843F0010345
:100EF00013600160704700BF103C02402D4801683C
:100F0000C90606D52A49CA6942F01002CA611021F1
:100F100001600168890606D52549CA6942F00802C0
:100F2000CA61202101600168490606D52049CA69C5
:100F300042F00402CA61402101600168090606D539
:100F40001B49CA6942F00202CA618021016001683E
:100F5000890706D51649CA6942F02002CA610221F2
:100F600001607047F8B5044611480021114EC16177
:100F700000F05AFD0546671C3068C00309D5002FF4
:100F8000FAD024B100F050FD401BA042F4D9032058
:100F9000F8BD3068C0071CBF01203060306810F019
:100FA000F20F04BF0020F8BDFFF7A8FF0120F8BD35
:100FB0004CD300200C3C0240F8B50022009290F87F
:100FC0003C20012A01D1022171E0012280F83C205D
:100FD0000A680A2A1FFA82FC09D34FEA4C0313FA63
:100FE00082F3A3F11E05036803F10C0604E0036815
:100FF00002EB420503F1100607273468AF40BC43FB
:1010000034608C68AC4035682C43346049680629EC
:1010100009D801EB81014C1F1F2101FA04F5194683
:1010200051F8346F14E001EB81050C2908D8A5F1C3
:1010300023041F2101FA04F5194651F8306F07E027
:10104000A5F141041F2101FA04F5194651F82C6F4E
:1010500026EA05050CFA04F40D600D682C430C60BB
:101060006349A1F54174A3421ED1122A04D10A6832
:1010700042F480020A6017E022F00103102B13D122
:101080000B68102A43F400030B600DD109490A4A8A
:101090000968B1FBF2F101EB81014900009100996F
:1010A00011B100990139F9E7002180F83C10084698
:1010B000F8BD00BF4400002040420F00002841D08E
:1010C00070B50446006C30B9204600F099F8002055
:1010D00084F83C006064206CC00635D4206C41F27A
:1010E00002118843424902302064086820F44030ED
:1010F000086094E80D0025690E6832430A60416873
:1011000021F480714160416841EA052141604168F4
:1011100021F04071416041681943364B416081685C
:1011200021F400618160E168826811438160816817
:1011300021F070618160A26A81689A4206D121F033
:1011400040510CE00120704701204CE011438160C8
:10115000816821F040518160E16A826811438160B9
:10116000816821F00201816094F82020217E83684B
:1011700043EA4101816041686AB141F400611E4A5D
:101180004160416821F460414160616A02EB413194
:101190004268114301E021F400614160174BC16ACC
:1011A00021F47001C162E269616903EB0252C36A12
:1011B0001A43C262826822F40072826094F830207E
:1011C000836843EA42228260826822F480628260FD
:1011D000826842EA81210122816000206064216CE2
:1011E00062F301012164002184F83C1070BD00BF4E
:1011F000042301400100000F00E0FFFF0000F0FFAA
:1012000010B586B0044601A81421FFF7BAFB206888
:10121000214988421BD0214988423AD100206549A2
:1012200000904A6942F480724A614A6902F480720D
:101230000092009A0090086840F001000860086879
:10124000012100F0010000900098154819E00020ED
:10125000584900904A6942F400724A614A6902F4AE
:1012600000720092009A0090086840F00400086044
:101270000868082100F0040000900098084800F574
:101280000060002203920322CDE9011201A900F0BF
:10129000F9FA06B010BD00BF002101400020014056
:1012A0000000024010B309B3B0B544790223012C09
:1012B00019D0037102F0100240F6FE7304689340E7
:1012C000256825EA0303D1E9001529439140194314
:1012D00000232160C0219140226822EA010121609F
:1012E000012143710171BDE8B04000E001231846BF
:1012F000704778B110B50446007920B900206071BC
:10130000204600F009F80220012120710020206110
:10131000217110BD01207047F0B587B0044602A8C6
:101320001421FFF72EFB2168214881423ED100267F
:10133000204900F5C63001960A6942F000520A6160
:101340000A6902F000520192019A01960A6842F07D
:1013500001020A60096801F001010191032104966C
:10136000039110210291019902A900F08BFA124D0C
:1013700012494FF0606040274FF4807C4FF4005ECC
:101380004FF400624FF48063C5E900102846C5E9B8
:101390000866C5E90276C5E90432C5E906EC00F045
:1013A0000DF908B1FFF7FEFCAC63A56007B0F0BD16
:1013B00000740040303802405CC900208860024060
:1013C00070B5866D044600F02FFB054694F8350095
:1013D000022821D12068216C026822F016020260E6
:1013E000426922F08002426109B9A16C19B1016819
:1013F00021F00801016003F0FDFA20680068C007D1
:101400000ED000F011FB401B0628F6D320206065AB
:10141000032084F835000CE080206065012008E09E
:10142000E06D3F2101FA00F0B060012084F8350042
:101430000020002184F8341070BD90F83510022986
:1014400009D1052180F835100068724603F0D2FA00
:1014500096460020704780214165012070470000BA
:10146000F8B504460020544A08210090D4E91660DB
:1014700015683768814039420CD0226813685B07D1
:1014800008D5136823F004031360B160616D41F067
:101490000101616501218140394208D02268526909
:1014A000120604D5B160616D41F00201616504214D
:1014B0008140394208D022681268920704D5B16091
:1014C000616D41F00401616510218140394217D0FE
:1014D00020680268120713D5B160026801685203E0
:1014E00006D4C90506D4016821F00801016001E0B5
:1014F000080301D4216C00E0A16C09B120468847A3
:10150000E16D202000FA01F23A4233D020680368EE
:10151000DB062FD5B26094F835300268052B15D163
:1015200022F016020260426922F080024261226CBF
:101530000AB9A26C1AB1026822F0080202603F20C8
:101540008840B06003F0FCF9216D2FE00168520380
:1015500008D4C9050AD4016821F01001016003F024
:10156000EFF903E0080301D4616C00E0E16B09B11D
:1015700020468847606DF0B1606DC00715D0052129
:101580004FF4165084F83510B5FBF0F021680A6866
:1015900022F001020A60009A01328242009202D8CF
:1015A0000A68D207F7D103F0CBF9E16C19B12046F4
:1015B000BDE8F8400847F8BD440000202DE9F0419F
:1015C000044600F031FAACB10546022084F835003B
:1015D00003F0B2FA206803F00DFA21680868C0072A
:1015E0000BD000F021FA401B0528F6D90325202650
:1015F00003205BE00120BDE8F081086804F1040CE1
:101600002D4A9CE8E81100EA020ED4E9072043EADB
:101610000E032B4333433B4343EA08031A43636AF5
:10162000104340EA0C02042B03D1D4E90B052843F4
:1016300002430A60042B486920F0070040EA0302D5
:1016400028D1D4E90A733A4323B3BCF5005F08D02C
:10165000BCF1000F14D1022F15D0012F0AD0002F9A
:1016600010E0032F16D8012540260120DFE807F0FF
:101670001E0B1E02A3F1C070B0FA80F0400904E016
:10168000032F03D306D1C3F3006018B10125402610
:1016900001200BE020464A61FFF75AFBE16D3F2233
:1016A0000026012502FA01F181600020666584F8B8
:1016B0003550BDE8F08100BF3F8010F0B0B503F0B9
:1016C0008FFA27D00120A56D84F8340094F83500F6
:1016D00001281DD1022084F83500002060652046D5
:1016E000FFF74EFBE26D3F232068216C03FA02F204
:1016F000AA60026842F01602026019B1016841F066
:1017000008010160016841F0010101600020B0BDE5
:1017100003F012FA0220B0BDB0B5044600F084F91F
:101720000546C748611C007818BF044400F07CF9E6
:10173000401BA042FAD3B0BD2DE9F843DFF8148175
:10174000054698F81800012801D1022638E001204A
:10175000894688F8180003F0EFF8064668BB4FF09A
:10176000FF303D4CC9F80000286801280AD1287CC8
:10177000FFF770FB03F0E0F80646206820F0040055
:10178000206018E0A8680746E968084487420ED23E
:10179000297C3846FFF718FB03F0CEF80646206890
:1017A00020F0FA00206026B9A8680137ECE700268F
:1017B00001E0C9F80070FFF723FB002088F818004B
:1017C0003046BDE8F88300BF2348016841F000417E
:1017D00001600020704700BF2DE9F041DFF8748000
:1017E000074698F81800012804BF0220BDE8F081E0
:1017F00001201E4614460D4688F818004CF2503061
:10180000FFF7B0FB08BB022F0CD0012F05D077B932
:10181000E1B22846FFF72EFB0EE0A1B22846FFF703
:101820004BFB09E028462146FFF756FB04E028461B
:1018300022463346FFF72CFB4CF25030FFF792FB69
:1018400005490A6822F001020A60002188F8181090
:10185000BDE8F0814CD30020103C02400648C1682E
:10186000B1F1FF3FC4BF0020704704490160044943
:101870000160C068C00F7047043C02402301674507
:10188000AB89EFCD2DE9FE4F5E4A08244FF0010BE6
:101890004FF0000C90425C4A08BF072402444FEA14
:1018A000B223072B38BF4FEAB22400F12002019483
:1018B000009200250022102A08BFBDE8FE8F0C68A8
:1018C0000BFA02FA14EA0A0900F09780D1F804E052
:1018D000032303FA0CF40EF00308E643A8F1010415
:1018E000012C12D88468D1F80CB00BFA0CF73440F4
:1018F0004FF0010B3C438460CEF3001447689440E2
:1019000027EA0A073C43446005E0B8F1030F02D11F
:101910004FF0030823E0C4688F68344007FA0CF7DF
:101920003C43B8F1020FC46019D105F01C040F2329
:10193000A84603FA04F76FF0030303EA520E009B74
:101940001D4653F80E30BB430F6907FA04F42343D6
:1019500045F80E304546D1F804E00EF0030804685F
:1019600008FA0CF3344023431EF4403F036044D094
:101970000023284C254EA8460293236843F4804355
:10198000236023680F2403F48043029305F00C03C3
:1019900022F00305029F35449C401F4FBE46EF597D
:1019A00027EA0404019F07FA03F3234345F80E30A6
:1019B000B3684D6843EA0904EF0258BF23EA0904FB
:1019C000134BB460AF029E461B6843EA090458BF3C
:1019D00023EA0904CEF80040AF03736843EA090420
:1019E00058BF23EA09047460ED033368454643EAAF
:1019F000090458BF23EA090434600CF1020C0435D1
:101A0000013258E7001C02400000FEBF003C0140CC
:101A10000C3C01404438024008FCFFFF002A08BF8C
:101A2000090481617047000006480068704700BFE4
:101A30000348044900780A6810440860704700BFF2
:101A4000040000207CE3002080B50B48016841F4CD
:101A500000710160016841F480610160016841F436
:101A600080710160032000F0A7F80F2000F006F855
:101A700000F050F8002080BD003C024070B586B0F8
:101A80000446002530480195016841F0800101605D
:101A90006946006800F080000190019801A800F0FC
:101AA00045FF049E00F062FF1649002E164B40F2DF
:101AB000E7328D6118BF0126B040C1E902520D61C5
:101AC000124EB0FBF6F00138C1E90030084601F0D3
:101AD00039FD054698B90B4801F0B2FD054670B9CD
:101AE0002C2000F033F80F2C08D82C20214600229F
:101AF000002500F03BF80648046000E00125284678
:101B000006B070BD50D10020001C004040420F00C4
:101B10000800002082B000200B4901904A6842F47E
:101B200080424A604A6802F480420192019A009021
:101B3000086840F080500860086800F0805000900D
:101B4000009802B0704700BF40380240002809D416
:101B50001C21012201EAD00100F01F0002FA00F06E
:101B6000014A8850704700BF00E100E0F0B5184B13
:101B70004FF0FF361C68C4F30224E51E84F007040E
:101B800038BF002506FA05F7BA43042C28BF042401
:101B900006FA04F4A14300F00F04A940043C1143E9
:101BA000044A234409010244002848BF03F10C02FF
:101BB0001170F0BD00E400E005494FF6FF030A682C
:101BC0001A4060F30A22034810430860704700BFC0
:101BD0000CED00E00000FA0570470068416200204B
:101BE00070470068436AB9B170B5846A013900F57D
:101BF0008270002503EB1443CCB2A54205D250F805
:101C00002560013503EB1643F7E743EA024240F84B
:101C10002120BDE8704002E043EA024181620020D9
:101C20007047D0F8E00404F057BB01EBC10200EBB1
:101C30008202D0F8E004126A04F0CBBA01EBC102D0
:101C400000EB8202D0F8E004D2F8602204F012BB6C
:101C5000D0F8E00404F042BB01F00F0249B202EBFD
:101C6000C202002900EB820303F5157248BF03F19D
:101C700014020068114605F01BBBB0B5044601F024
:101C80000F000A4602F0A3FF48BF03F114010870D9
:101C9000D009487094F89404012804BF0220B0BD14
:101CA00002F0F5FF05F09CF803F064B8B0B5044607
:101CB0000A4601F00F002179884201D9012515E07B
:101CC00002F085FF48BF03F11401087094F89404F2
:101CD0000025D2098D704A70012801D1022505E046
:101CE00002F0D5FF05F0C4F984F894542846B0BD3D
:101CF00010B502F009FE04BF022010BD01204AB257
:101D000084F894042068B2F1FF3F02DD05F00BFB7C
:101D100003E001F00F0105F023FB02F004BF01F026
:101D20000F0101EBC10100EB8100D0F868027047A0
:101D3000F8B5044601F00F000D466FF3DF2200EB0B
:101D4000C0016FB204EB8106002F06F5157148BF84
:101D500006F114018A60EA0908700B71B7F1FF3FC0
:101D60004A70D8BF4883022B04BF0020487194F802
:101D70009404012804BF0220F8BD02F088FF04F09B
:101D800081FF002084F89404F8BDB0B501F00F0184
:101D9000002501EBC10400EB840404F5187784F8F6
:101DA000541284F8555204F515712CC78379012B10
:101DB00008BFCA611A46006805F09CF90020B0BD52
:101DC00070B50279044601F00F050120954229D82B
:101DD00005EBC5024EB204EB820301EBC102002EFB
:101DE00004EB820202F5157248BF03F114029070F1
:101DF000C8091570507094F89404012804BF02209B
:101E000070BD0120114684F89404206805F057F94C
:101E10002DB9A179206804F29C4205F0FDF800205C
:101E200084F8940470BD10B501F00F0404EBC401F4
:101E300000EB810101F8144F002401F10C0CACE817
:101E40001C0001234B708379012B08BFCA611A461D
:101E5000006805F04FF9002010BD00002DE9F04F9B
:101E600087B005688246284605F0A6FA10B107B08B
:101E7000BDE8F08F02F03EFF0028F8D0D5F8080842
:101E8000C0F30D20CAF8D40402F034FF02F0B6FF0C
:101E9000890703D5416901F00201416105F500613F
:101EA000059105F0B5FA02F0A9FF0695C90634D5EB
:101EB000816921F0100181612C6A04F00F0000EBB0
:101EC000C0000AEB800000F51575C4F343400628F6
:101ED00011D002281AD147F6F07014EA000615D086
:101EE0003409E9680698224605F096FAE86800EB9E
:101EF0001610E86007E006980AF29C41082205F0F7
:101F00008BFAC4F30A14686920446861DAF80000A7
:101F1000816941F010018161069D05F079FA02F0B6
:101F20006DFF090340F1CA8005F051FA06460AF236
:101F30009C404FF430644FF000084FF0000B0490C9
:101F4000002E00F0B980F00700F0AF805FFA8BF947
:101F5000DAF80000494605F053FA0746C00757D0A3
:101F6000281901218160DAF800002118036C8A68C1
:101F70009AF80650012D1FD115072AD495063BD497
:101F8000E04DAB42069D01D9120428D40AEB0802A9
:101F9000D2F8743209696FF3DF41591AB4F5306F22
:101FA000C2F8681230D1D2F864324BB3D2F8600272
:101FB0000844C2F8600227E0D24D05F58075AB42B7
:101FC00011D1069D10040AD4900644BF20208860D9
:101FD0001AE0CC48069D83421AD9100418D54FF454
:101FE0000040886014E0069DB4F5306F0CD1DAF83B
:101FF000641249B9002104E020208860069D07E0B2
:102000000121049A05F008F850464946FFF716FEEC
:10201000380720D528190821BA4B8160DAF800105A
:1020200060180A6C81689A4212D9090444BF4FF4BF
:1020300000418160504600F031FB9AF8060001280B
:1020400009D1DAF80000049A012104F0E5FF02E06A
:10205000504600F023FBF80642BF2819102181608A
:10206000B80717D56869000604D50599486840F493
:10207000806048600AEB080090F85712012906D1E9
:10208000002180F857125046494600F03AFA2819C4
:1020900002218160B80642BF281920218160B8045E
:1020A00042BF28194FF40051816008F12408203400
:1020B00076080BF1010B43E7DAF8000005F0A8F908
:1020C00002F09CFE490340F1BB8005F079F9064619
:1020D0000AF29C4005F510690AF1140800250290E7
:1020E000CDE90398002E00F0A880F00700F0A28050
:1020F000EFB2DAF80000394605F070F90446C0077F
:1021000025D0059A05F00F00012303FA00F0516B6A
:1021100021EA0000506309EB451083609AF806003D
:10212000012810D105EBC50008EB8000D0E90212B0
:102130001144C1603DB9006928B9DAF80000029A7B
:10214000012104F069FF50463946FFF76EFD200774
:1021500042BF09EB451008218160E00642BF09EB50
:10216000451010218160600642BF09EB45104021F7
:102170008160A00715D50698294605F0F1F805EB12
:10218000C50008EB800010F8031F012905D10021CC
:1021900001705046394600F0B0F909EB45100221B4
:1021A0008160200646D505EBC50008EB800BDBE916
:1021B000040290423ED3DAF80040DBF80880811A2E
:1021C000414538BF884604EB451101F5106918E018
:1021D000DBE902819AF80630801A3A4600934045BE
:1021E00038BF80461FFA88F3204605F0E9F9DBE99D
:1021F0000310DBF8142041444244CBF80C10CBF818
:102200001420D9F8183008F103019BB2B3EB910FF9
:1022100028BF9042DCD8DDE9039890420AD805F047
:102220000F00012101FA00F0D4F8341821EA00006F
:10223000C4F834087608013554E7DAF80000069D42
:1022400005F0E6F8002802D4DAF8000018E0059955
:10225000486820F0010048609AF8CC04012807D1B2
:10226000002000218AF8CC045046FFF7B5FC02E0BC
:10227000504600F0FEF902F0B2FB01F0004141616E
:1022800005F0C6F8000502D4DAF800000BE0059866
:102290008068C00702D0504600F01EFA02F09FFB93
:1022A00001F40061416105F0B3F8C00402D4DAF82A
:1022B000000054E0D5F80408102120F00100C5F812
:1022C0000408DAF8000005F04BF89AF8041005F558
:1022D00010604FF67F32B9B182600139036823F490
:1022E00000130360C0F80822D0F8003223F4001372
:1022F000C0F80032D0F8003243F00063C0F800327A
:102300002030E8E70A30544F059C0B218422E06915
:1023100040F00110E0619AF80F00002808BF42F277
:102320002B0108BF1422A3581943A15044210AF2DB
:102330009C42002808BF1021605840F00B006050FC
:10234000206820F4FE602060DAF800009AF8061099
:1023500004F062FE02F043FB01F48051416105F09C
:1023600057F802F04BFD890419D504F0C9FCDAF8DE
:10237000000005F015F8DAF800408AF8070000F0D0
:10238000F1FA9AF807200146204605F0A1F85046D8
:1023900000F05CF902F023FB01F40051416105F00B
:1023A00037F8000702D4DAF8000007E0504600F0E2
:1023B00064F902F014FB01F00801416105F028F80E
:1023C000000606D402F096FCC00219D4DAF8000028
:1023D00038E00699012440F27B25886920F08000CE
:1023E00088619AF804008442ECD21AF805000128AA
:1023F00003D1E1B25046FFF72FFC24350134F0E75A
:1024000006980AF13B040126012700F512659AF8A7
:102410000400874211D228686178012909D1B0F1FE
:10242000FF3F06DC47F080002670C1B25046FFF740
:1024300013FC243420350137E9E702F0D0FA01F427
:1024400080114161069C04F0E3FF800202D4DAF8B7
:10245000000030E09AF8042004F532610AF51F709C
:1024600001230124944221D20D680678012E14D153
:10247000B5F1FF3F11DCDAF8D46405F4803506F0DD
:102480000106B54209D1069EB56945F08005B561E2
:1024900000F8013C75692D0603D524302031013444
:1024A000E0E70599486840F40070486002F097FA48
:1024B00001F40011416104F0ABFF400002D4DAF8EE
:1024C000000007E05046FFF7ACFB02F088FA01F08D
:1024D0008041416104F09CFF40077FF5C8ACDAF809
:1024E00000004468610704D55046FFF7B1FBDAF8F5
:1024F0000000416821434160B9E4D0F8E00403F0F2
:1025000050BFD0F8E00403F061BF7CB500284FD085
:102510000446056890F8950428B9002084F89404CE
:10252000204600F051F8032084F89504B5F1A04F3F
:1025300004BF0020A071206804F068FD94E80F003B
:10254000257C009504F0EAFB78BB2068002100257B
:1025500004F07DFF48BB207901210022002398422E
:102560000AD0A6182432F38533757175C6E907556C
:10257000756235760133F2E704F519710022002304
:1025800098420BD001F8103C41E902220A6001F8A0
:102590000C2C01F80F2C24310133F1E794E80F00E3
:1025A000257C009504F06CFC28B1022084F8950489
:1025B000012528467CBD00250120657484F895041A
:1025C000206804F051FCF4E7B0B586B0044601A8D9
:1025D0001421FEF7D6F92068B0F1A04F2FD10025C5
:1025E000184C0095206840F001002060206800F041
:1025F000010000900A2005900320CDE9035002203D
:1026000002904FF4C0500190009801A90E48FFF7C6
:1026100039F960680B21002240F08000606000956D
:10262000606940F480406061606900F4804000901F
:1026300000984320FFF79AFA4320FFF787FA06B085
:10264000B0BD00BF303802400000024010B5C17973
:10265000044621B1022901D0FEF7A4FB0121D4F8E0
:10266000E00403F024FFD4F8E004BDE8104003F0D8
:10267000D7BED0F8E00403F001BFD0F8E00403F0C7
:1026800007BF10B502F040F904BF022010BD61740D
:1026900002F0FDFA04F00CFF02F045BAD0F8E02495
:1026A00000F29C41104603F00EBF10B502F02CF969
:1026B00004BF022010BD02F086FB06D5617B012914
:1026C00003D1816B41F48031816304F026FE2068E0
:1026D00004F0BEFB02F027BA10B50446D0F8E004BF
:1026E00003F033FF2068D0F8001E41F00101C0F86C
:1026F000001EE07A20B10348016841F00601016044
:1027000010BD00BF10ED00E0F8B50446006810F001
:10271000050F1ED03B4F0020814E3860FFF784F933
:1027200005463068000105D5FFF77EF9401B0228F9
:10273000F7D92DE0D4E9010102F0F5F8054630683B
:10274000000105D4FFF770F9401B0228F7D91FE0FC
:10275000206880074FF0000044D5714E00902A4F4A
:10276000306C40F080503064306C00F0805000904D
:102770000098386840F480703860FFF755F90546D6
:102780003868C00506D4FFF74FF9401B0228F7D977
:102790000320F8BD306F10F4407010D0E16801F4F0
:1027A000407188420BD0306F184901220A60002224
:1027B00020F440700A603067306FC00713D1E068C2
:1027C0001349B268014000F4407322F4F8126FF329
:1027D0001F30B3F5407F08BF0A43B260316F084332
:1027E00030670020F8BDFFF71FF9054641F2883732
:1027F000306F8007E3D4FFF717F9411B0320B9427C
:10280000F6D9EFE76800474200700040400E4742AB
:10281000FFFCFF0F002852D02DE9F041404B044649
:102820008846D3F8000400F00700884204D283F8F9
:10283000008402F072F84BD12068810711D541075E
:1028400003D5996841F4E0519960010703D599686F
:1028500041F460419960A1689A6822F0F002114346
:102860009960C0072DD102F058F804D983F800848C
:1028700002F053F82CD12068410705D5E1689A6829
:1028800022F4E05211439960000706D52069996847
:1028900021F4604141EAC00098601C4600F080F8D5
:1028A000A168204AC1F30311515CC840394908604E
:1028B0001D480068FFF7E2F80020BDE8F081012024
:1028C00070476068811E022905D21968890107D402
:1028D0000120BDE8F08101281DD119688903F7D5D1
:1028E00099681D4621F0030108439860FFF79CF8A2
:1028F000064641F288376068A9682B4601F00C0152
:10290000B1EB800FAFD0FFF78FF8801BB842F2D940
:102910000320BDE8F08119688907D9D5E0E700BF39
:10292000003802405CB000080800002010B50F22FB
:102930004FF4E0540260184A136803F00303436045
:10294000136803F0F0038360136803F4E053C3607B
:10295000136804EAD3030361D2F8F80300F0070018
:10296000086010BD0B480068704700BF09480A495D
:102970000A4A00680968C1F38221515CC840704767
:1029800004480549054A00680968C1F34231515CB1
:10299000C840704744000020083802406CB000086E
:1029A00010B5134C606800F00C011248082903D0E0
:1029B00004291CD1104810BD2168236801F03F0292
:1029C00021685B02C1F3881105D4A1FB000100233B
:1029D000FDF789FC03E008484843B0FBF2F02168AA
:1029E0000222C1F3014102EB4101B0FBF1F010BD45
:1029F000043802400024F40000127A00002864D059
:102A00002DE9FC4104460078C44EC0070CD0B068E4
:102A100000F00C00042840F090803068800303D55B
:102A20006068002800F0A1802078800719D5B06880
:102A300010F00C0F07D002F07AF840F0998070681F
:102A4000400200F195803068800703D5E0680128D6
:102A500040F08B802069316821F0F80141EAC00024
:102A600030602078000732D42078400742D4A7692C
:102A700047B302F05CF840F0AD80012F75D0E169FA
:102A8000706800F480028A426FD1216A00F03F0230
:102A90008A426AD147F6C071626A0140B1EB821F77
:102AA00063D1A16A4FF6FF72C903914300F440322B
:102AB000A1F580318A4258D1E16A00F07060B0EB34
:102AC000016F52D10020BDE8FC8101207047606990
:102AD00000286ED092480121C0F8801EFEF7A4FFA6
:102AE0000546706F8007BFD4FEF79EFF401B02288B
:102AF000F7D9C9E0306C5FEAC0080AD40020019021
:102B0000306C40F080503064306C00F080500190A8
:102B10000198844F3868C0053DD4386840F480700F
:102B20003860FEF781FF05463868C00533D4FEF7EC
:102B30007BFF401B0228F7D9A6E001F0F8FF03D184
:102B4000706840023FF569AF30686168B1F5803F59
:102B500007D0B1F5A02F40F0828040F48020306093
:102B6000306840F48030306082E00120BDE8FC81B4
:102B7000E1686B4800294BD001210160FEF754FF4A
:102B80000546306880073FF565AFFEF74DFF401BF7
:102B90000228F6D978E0306FA168012905D005290F
:102BA00046D140F004003067306F40F001003067DC
:102BB00047E05B480021C0F8801EFEF735FF054660
:102BC000706F80077FF550AFFEF72EFF401B022885
:102BD000F6D959E05249002088460866FEF724FFDE
:102BE0000546022F09D13068800150D5FEF71CFF41
:102BF000411B03200229F6D965E7306880017FF583
:102C000061AFFEF711FF411B03200229F5D95AE7F6
:102C100000210160FEF708FF0546306880077FF558
:102C200020AFFEF701FF411B03200229F5D94AE737
:102C300020F0010000293067306F20F00400306779
:102C400045D0FEF7F1FE054641F28837306F800728
:102C50004CD4FEF7E9FE401BB842F7D914E020F44B
:102C6000803000293060306820F48020306046D009
:102C7000FEF7DAFE0546306880033FF5D5AEFEF775
:102C8000D3FE401B6428F6D90320BDE8FC811C3428
:102C90001FCC0843D90340EA82104FF6FF729143DC
:102CA00040EA0460A1F58031084370600120C8F853
:102CB0006000FEF7B9FE0446306880013FF502AFC0
:102CC000FEF7B2FE011B03200229F5D9FBE6FEF751
:102CD000ABFE054641F28837306F800706D5FEF718
:102CE000A3FE411B0320B942F6D9ECE6B8F1000F70
:102CF0003FF5BDAE306C20F080503064B7E6FEF793
:102D000093FE0546306880037FF58EAEFEF78CFE9D
:102D1000411B03206429F5D9D5E600BF00380240E5
:102D2000000047420070004068B370B50446407F21
:102D300020B900202077204600F038F80220607784
:102D40002068C168C9062BD4CA2101F000FEA8B9C9
:102D500094E80F00144E8568354085602569294345
:102D6000656929438568294381600361016941EAF6
:102D700002410161204602F09CF830B12068FF2139
:102D80004162012070BD012070472068A169026C7A
:102D900022F480220264026C11430164FF2141622B
:102DA00001206077002070BDBFFF8FFFF8B50021C4
:102DB0000068CDE901110949884200D08FBD08485B
:102DC0000390022000906846FFF79EFC08B1FDF7D3
:102DD000E9FF0448012101608FBD00BF00280040C9
:102DE000000319003C0E47422DE9F04101F0FDFEC1
:102DF0003ED06077012020774AB16978EB78287857
:102E0000AA780902460341EA03418D1816E06E785C
:102E1000DFF80881F00642BF06F0EF0000F10A0675
:102E20006E70E878C04707463046C047000240EA67
:102E30000746A878C0470644287845032068CA2179
:102E400001F085FD08B101200DE045EA060021688A
:102E500020F0C0004860204602F02BF80146012017
:102E600009B9607700200021FF22217721684A629A
:102E7000BDE8F0812DE9F84301F0B7FE4BD001F039
:102E8000C1FF0ED0400659BF0026EE70E8788605D7
:102E900069782878AA78090241EA004000EB020824
:102EA00012E0400659BF4FF0000885F80380E8782B
:102EB0004FEA8058DFF864902878C847064668785B
:102EC000C84701F020FF0644CA2078625320786288
:102ED000204601F0C7FF08B1012017E0104948EA79
:102EE0000600084021680860886820F48020886017
:102EF000D5E9030210438A6810438860204601F038
:102F0000D8FF0146012009B9607700200021FF2287
:102F1000217721684A62BDE8F88300BF434E00086C
:102F20007F7F7F00B0B5044600680949C160FEF7A5
:102F30007BFD05462068C068800644BF0020B0BD08
:102F4000FEF772FD01F0A8FE84BF0320B0BDF1E7DB
:102F50005F7F010070470000BCB50446006841680F
:102F60008268530603D4D50701D04D0618D49507BF
:102F700001D50D0612D412F4B07F0ED08D060CD5FB
:102F8000002B1DD594F85130032B0ED10021019157
:102F9000C1680191806801900198BCBD616C00E03E
:102FA000216C2046BDE8BC400847636D43F0040334
:102FB000636500230193C368019383680193019BB8
:102FC00093060CD5636D43F0010363650023019301
:102FD00083680193036823F040030360019BD205DB
:102FE00008D5626D42F00802626500220192826893
:102FF0000192019A626D002ACFD0426822F0E0026D
:1030000042600122890784F8512016D001F0B5FDF5
:10301000E06C30B10B490165FEF70FFA08B101F021
:10302000EEFCA06C0028B8D006490165FEF705FA51
:103030000028B2D001F0E3FCBCBD2046BDE8BC4096
:10304000FFF788BF2955000870B530B10446406AC3
:1030500028B100202061142006E001254AE06068C4
:10306000B0F5827F02D01C20002121500025A562EE
:1030700094F8510020B9204684F8505000F03CF8F4
:10308000022084F8510094E80F0001F4827102F4E8
:1030900004420668114403F40062114426F040061D
:1030A0000660226902F002021144626902F0010224
:1030B0001144A26902F400731944E36903F0380370
:1030C0001944236A03F080031943A36A03F40053ED
:1030D00019430160042101EA1241626A02F0100200
:1030E00011444160C16921F40061C161012065653D
:1030F00084F85100284670BD2DE9F04186B00446A1
:1031000001A81421FDF73DFC2068DC49884235D038
:10311000414988427CD1002640480096416941F4EB
:1031200080514161416901F4805101F0ABFB2820DD
:103130000190009801A93A48FEF7A4FB3A483C4D9B
:103140004FF0C0674FF4005C40234FF400614FF430
:10315000806200F58060C5E90866C5E90236C5E908
:103160000421C5E906C6C5E900072846FEF726FA88
:1031700008B1FDF717FEAC63A56449E000262748B7
:103180000096016941F480410161016901F48041C7
:1031900001F078FB4FF460400190009801A92048AD
:1031A000FEF770FB204F1F4D40204FF4806807F161
:1031B0001801C5E9001605F1080181E8410105F192
:1031C00014001421FDF7DDFB2846FEF7F7F908B1DE
:1031D000FDF7E8FDAC63A564144D142105F114005E
:1031E000C5E90076C5E90266C5F81080FDF7C9FBA0
:1031F0002846FEF7E3F908B1FDF7D4FD24200921A4
:103200000022AC63E564FEF7B1FC2420FEF79EFCCF
:1032100006B0BDE8F08100BF003001403038024008
:10322000000402407CCA0020586002401CCA0020F2
:10323000BCC9002070B501F0BCFC15D1A0681346D4
:103240000A4658B96168B1F5827F07D1042011465A
:1032500001F08BFCBDE8704000F04AB88AB383B33C
:1032600094F85010012901D1022070BD04210125DC
:1032700084F8511000216165E38784F85050A387DA
:10328000A263C4E91011A186E186B0F5004F25685C
:1032900007D1286820F040002860286820F480408A
:1032A0002860E06C6E4E484BC0E913614849C0E9A4
:1032B0000F1305F10C01E38FFEF700FA18B101F0CE
:1032C0000CFC012070BD21680868400601D401F0A3
:1032D00044FC486840F020004860002084F850001A
:1032E0004A6842F001024A6070BD00BF70477047F3
:1032F000F8B590F851500446012D36D1002958D028
:10330000002A56D0002B54D001F033FC38D00120D5
:103310002D4E2E4F84F8500094F8510004281CBF05
:10332000052084F8510000256565E386E387A386C0
:10333000A3874B4B2163A263C4E91055E06C21685D
:10334000C0E9133594F85130042B08BF3746214E9D
:103350001F4B08BF1E46C0E90F670C31E38FFEF715
:10336000ADF978B184F850501FE06068B0F5827F05
:1033700006D10220042D02D1A568002DBED0F8BDD3
:103380000220F8BD2268216BA06C536843F0010352
:103390005360C0E91355C0E90F550C32E38EFEF7B8
:1033A0008DF940B1002084F85000606D40F01000AD
:1033B00060650120F8BD21680868400601D401F06D
:1033C000CCFB01F051FBF8BD535500085F550008D8
:1033D000655500080B56000870B501F0EAFB04D1F2
:1033E00089B382B301F0C5FB01D1022070BD032077
:1033F000002384F8510001206365E286A2862163E0
:10340000A363C4E91033A38784F85000E387A0685E
:103410002268B0F5004F07D1106820F0400010601E
:10342000106840F480401060A06C0D4E0B4D0C32C3
:10343000C0E913630B4BC0E90F35E38EFEF73EF98D
:1034400018B101F04AFB012070BD216808684006F0
:1034500001D401F082FB01F007FB70BD5955000853
:1034600035550008C3550008704770470068034988
:10347000884208BF07F0D0BA704700BF003800404C
:10348000704770477047024690F83C00012804BF1F
:1034900002207047F0B501F10807D1E900C44B697B
:1034A0000020C969E0CF82F83C00126826F47C56FF
:1034B00024F4F04425F4705535432C432CF4E045B6
:1034C0002C4327F4C0452C43234323F48043194362
:1034D0005164F0BD90F83C300222012B2FD010B582
:1034E00080F83D2002680B68546824F070041C4387
:1034F0009368B2F1804F546014D06A4CA24211D04C
:10350000694CA2420ED0694CA2420BD0684CA24238
:1035100008D0684CA24205D0674CA24202D0674C4A
:10352000A24204D1496823F080031943916000222C
:10353000012180F83C2080F83D10BDE81040104685
:10354000704700BF58B110B501F0BBFB03D101F0CB
:103550002BFB00F007F801F03DFC01F055BA01200B
:1035600070470000F8B504460068E44988422BD053
:103570002F49884210D02F49884218D0E04988420C
:1035800021D1002000902C48016841F00401016025
:10359000006800F0040014E0002000902648016854
:1035A00041F020010160006800F0200009E00020E7
:1035B00000902148016841F480710160006800F4C6
:1035C000807000900098F8BD00211B481B4D4FF4FF
:1035D000005C4FF4006E4FF4806640270091426813
:1035E00000F5305342F0020242604FF06062C5E9DC
:1035F0000811C5E90271C5E9046EC5E906C1C5E94E
:103600000032406800F00200009000982846FDF764
:10361000D5FF08B1FDF7C6FB2C200F210022656203
:10362000AC63FEF7A3FA2C20BDE8F840FEF78EBA93
:10363000001400400020004040380240DCCA002056
:1036400090F83D1001291CBF01207047022180F82D
:103650003D100068C168B0F1804F41F00101C160C8
:1036600014D01049884211D0A54988420ED00F4984
:1036700088420BD00E49884208D00E49884205D0B6
:103680000D49884202D09D49884204D1724601F01A
:10369000F7F9964603D0724601F008FA96460020E4
:1036A000704700BF0004004000080040000C0040CC
:1036B00000180040000001400040014000040140AB
:1036C00010B501F0F8FA54D084F83D0001204FF60F
:1036D000777384F83C00206882689A4382600A68A5
:1036E000C2B1102A16D0202A14D0302A12D0402A73
:1036F00033D0502A28D0602A13D0B2F5005F1CD0F6
:10370000B2F5805F32D0702A1CD101F040FA41F04E
:1037100077012AE0816821F07001114341F007012F
:1037200023E04B68CA68194602F03DFB20688168B7
:1037300041F0670121F0100117E001F028FA41F48F
:10374000804112E0012012E001F005FB2068816851
:1037500041F0570121F0200107E001F0FCFA206858
:10376000816841F0470121F030018160002001F0C3
:10377000EBFA10BD7047704770B504460068C56825
:103780000669B10710D5A9070ED56FF002010161D6
:10379000012121778069800702D001F09FFA01E0C2
:1037A00001F034FA00202077700712D5680710D591
:1037B00020686FF00401016102212177806910F413
:1037C000407F02D001F08AFA01E001F01FFA0020E8
:1037D0002077300711D528070FD520686FF0080132
:1037E000016104212177C069800702D001F076FAD7
:1037F00001E001F00BFA00202077F00612D5E80670
:1038000010D520686FF01001016108212177C0698F
:1038100010F4407F02D001F061FA01E001F0F6F906
:1038200000202077F00708D0E80706D020686FF066
:1038300001010161204600F075F9300608D528061F
:1038400006D520686FF0800101612046FFF719FE60
:10385000700608D5680606D520686FF04001016142
:10386000204600F069F9B00601D5A80600D470BD65
:1038700020686FF0200101612046BDE87040FFF72D
:1038800001BE000010B586B0044601A81421FDF762
:1038900078F82068A249884213D09C4988422BD1ED
:1038A0000020022200901748016841F002010160E7
:1038B0004FF48071006800F00200009000981248F8
:1038C00010E00020032200900E48016841F004013E
:1038D00001604021006800F00400009000980A4850
:1038E00000F5806005920022CDE903220222CDE995
:1038F000011201A9FDF7C6FF06B010BD000401408A
:1039000000080040303802400004024070470000C8
:10391000B0B501F025FA04BF0220B0BD01F0D6F920
:1039200037D8DFE801F002220A1A2068294602F09F
:1039300073F9206850F8181F06E02068294602F045
:10394000CBF9206850F81C1F41F0080101600168A4
:1039500021F004010160296917E02068294602F07E
:10396000EBF9206850F81C1F06E02068294602F099
:1039700083F9206850F8181F41F400610160016864
:1039800021F4806101602969090202681143016024
:103990000020002184F83C10B0BD58B110B501F0F2
:1039A00090F903D101F000F900F006F801F012FAE5
:1039B00001F02AB801207047704770477047000037
:1039C00070B50D46044691B14120082D08BF402036
:1039D000042D08BF3F20205C02280DD0082D0DD0FB
:1039E000042D14BF04F1410004F13F0008E020461B
:1039F00010F83E1F022903D1022070BD04F14000DF
:103A00000078012850D1002A4ED0002B4CD0022043
:103A100045B1082D09D0042D14BF84F8410084F865
:103A20003F0004E084F83E0001E084F840004FEAE3
:103A3000B500032838D8DFE800F0022C101E606AB9
:103A40002E4E2168C6632E4E606A06642D4E01F02C
:103A5000E7F848BB4FF400712AE0E06A274E21687E
:103A6000C663274EE06A0664264E01F0F4F8D8B922
:103A70004FF400611CE0206B204E2168C663204E8D
:103A8000206B06641F4E01F0DDF868B94FF48051D9
:103A90000EE0A06A194E2168C663194EA06A06643A
:103AA000184E01F0C6F808B1012070BD4FF48061D6
:103AB00001F0DAF801F0E0F819D01349884216D085
:103AC0001249884213D01249884210D011498842C5
:103AD0000DD01149884205D01049884207D01049BD
:103AE000884207D1416C0E4A01F098F902D100F0EA
:103AF000C7FF01D000F0DAFF002070BD335B000883
:103B0000935B0008C75B0008000400400008004009
:103B1000000C00400018004000000140004001403F
:103B20000004014000680349884208BFFDF780BFD8
:103B3000704700BF001C004070477047704700008E
:103B4000F8B5044600680268C168466915074FEA7F
:103B500082633FD001F4907706F00106BF193DD093
:103B6000D70705D0CF0503D5676C47F00107676419
:103B7000570704D51EB1676C47F0020767649207C8
:103B800004D51EB1626C42F004026264002D07D5B8
:103B900001F02002921903D0626C42F008026264C4
:103BA000626C002A00F0E280002B05D5890603D55F
:103BB000204602F031F920684069616C00F0400055
:103BC00001F00801401847D12046FFF7B7FF002059
:103BD0006064CBE0002B01D58B0653D4236B012B03
:103BE00003D1D30601D5CB0651D4130601D50B065C
:103BF00011D4520640F1BA80490640F1B780C1683D
:103C000021F04001C160202084F841002046BDE839
:103C1000F84000F054B994F84110212940F0A680F2
:103C2000A168B1F5805F03D12169002900F09F8070
:103C3000216A4A1C226209784160E18C0139E184E1
:103C4000090440F09380C16821F08001C160C1681F
:103C500041F04001C160F8BD00F084FF00F045FF75
:103C60004DD500F07AFEFCD1E06B002847D04449E6
:103C70000165FDF7E2FB002878D0E06B016DBDE83F
:103C8000F84008472046BDE8F84002F0C5B80021DA
:103C900000910168009141680091009940694006D7
:103CA00032D4E08DA18DE28D002A5FD081425DD0BB
:103CB000081A216851E8031F226821F4907142E834
:103CC0000313002BF5D1216851E8051F226821F06C
:103CD000010142E80513002BF5D1202184F84210A0
:103CE00000212163216851E8031F226821F010019F
:103CF00042E80313002BF5D10221616330E0204636
:103D0000BDE8F840FFF71ABFE06B016849688AB266
:103D100062B3A38D9A4229D2E185C069B0F5807F54
:103D200019D0206850E8030F216820F4807000F05B
:103D3000F8FFF6D100F004FFFCD100F00EFEFCD13C
:103D4000202084F842000020206300F074FEFCD1A3
:103D5000E06BFDF735FB02206063A08DE18D401A1A
:103D600081B22046BDE8F840FFF7E7BEF8BD216A02
:103D700031F8022B6FF35F22216242605DE700BFE2
:103D8000CB5D000890B110B5044690F8410008B929
:103D900001F027F800F084FF2068016921F49041C8
:103DA0000161416921F02A0100F0F3BF0120704751
:103DB00070B586B0044601A81421FCF7E2FD206826
:103DC0003849884227D03849884268D1002037498D
:103DD00000904A6942F010024A614A6902F01002FA
:103DE0000092009A00900A6842F001020A60096895
:103DF00001F001010091072105910321CDE90301A3
:103E0000022002904FF4C0600190009801A9284858
:103E1000FDF738FD43E0002624480096016941F48F
:103E200000310161016901F40031009100990096AF
:103E3000016841F001010160006800F0010000909C
:103E4000072005900320CDE90360022002900C209A
:103E50000190009801A91648FDF714FD154D4FF487
:103E600080604021144B4FF00062C5E902162861C2
:103E700005F114001421C5E90032FCF782FD284643
:103E8000FDF79CFB08B1FCF78DFF262007210022DF
:103E9000AC63A563FDF76AFE2620FDF757FE06B06A
:103EA00070BD00BF004400400010014030380240A7
:103EB000000002403CCB0020A060024070477047E9
:103EC000024803A1FCF788FAFEE700BFC8B2000869
:103ED000486172644661756C745F48616E646C65BC
:103EE0007200000070B501310023372472B1060F53
:103EF00001F8023B04EB1075B0F1204F38BF06F11A
:103F0000300501F8035C013A0001EFE770BD10B520
:103F10000021044604F082FF08B1042010BD2046B1
:103F2000BDE8104004F0DEBF80B5034904F076FF21
:103F3000B0FA80F0400980BD60A4002010B5084AA6
:103F400000214FF4805304F0DBF9044618B105A0BA
:103F500000F01AFD02E010A0FCF760FC204610BD46
:103F60008401002046696C652073797374656D2047
:103F70006372656174696F6E206661696C65642047
:103F800077697468206572726F7220636F64653A36
:103F90002025640A0000000046696C65207379736F
:103FA00074656D2063726561746564207375636305
:103FB00065737366756C6C792E00000070B500F047
:103FC00095FC17D041F218002844017999B19E4E12
:103FD0002046317802F0A7FA687A02280AD13178AF
:103FE000204602F0A0FA994801782046BDE87040CA
:103FF00002F099BA70BD00680028E8D0687A0028FD
:10400000E5D192480178204602F08DFADFE700BF43
:1040100010B500F0D4FC14D0407A02280BD18A48A5
:104020000178204602F07FFA884801782046BDE8F2
:10403000104002F078BA49B2B1F1FF3F01DC01282B
:1040400000D110BD20460121BDE8104000F0DCB8D1
:1040500010B500F0B4FC17D0017ACA1E022A05D2AE
:1040600000212046BDE8104000F0CEB802290BD157
:1040700041F21D0141F21F02415C0244204600F062
:1040800049FFB0F1FF3F00DD10BD0121E9E700006D
:10409000F8B50446D0F8D40204F5307656F820502E
:1040A0009DB341F210002F18287A012823D060BB5D
:1040B000D7E90101C7E9090164480178204602F007
:1040C00026F91F280AD138682D49884206D1797B04
:1040D000012903D8B87B08B1112817D3797B204672
:1040E0000522202301F0F2F9022068722046BDE883
:1040F000F840FFF763BF41F21F00797B2A18204682
:1041000000F008FFB0F1FF3F30DDF8BD41F21F00C5
:104110002A18204600F0FEFE297AB0F1FF3F23DD89
:10412000481E0328F1D3EB6833B3D4F8D40256F811
:1041300020000028E9D041F21801002201440E6A53
:1041400081F824200A68F61A0E62042101723E48A2
:104150009A4238BF134605F110020178204601B09B
:10416000BDE8F04002F0FEB90529BFD1204601218B
:10417000BDE8F84000F048B820460021F8E700BF4D
:1041800055534243D0F8D41200EB8100D0F8C0025E
:1041900008B100210172704770B500F0A7FB1AD07A
:1041A000002205F583512A810A808A70D0F8C40262
:1041B000016800208847254E2046317802F09EF89D
:1041C00021480178204602F099F800F09CFCBDE8F7
:1041D000704002F01CB970BD70B500F087FB12D0C2
:1041E0004FF48070288118480178204601F0DFFFE5
:1041F000164E2046317801F0DAFF00F084FCBDE86D
:10420000704002F004B970BDB0B500F06FFB18D07B
:1042100041F230000D232A180A4811731060002063
:10422000287209480178204602F09CF941F21000FA
:104230001F232A18054801782046BDE8B04002F047
:10424000E6B8B0BD555342530000002001000020E5
:10425000BFB513482B4B134A002401254FF40031FE
:104260000394C46280F820400576836280F8304071
:10427000C561C0E90021C0E90244C0E90454FCF76B
:104280001DFF08B1FCF78EFD06206946CDE900450B
:1042900002900348FCF790FE08B1FCF783FDBFBD18
:1042A000B8C8002000200140BFB51448154D144B7C
:1042B000002101244FF400320391C16280F82010E4
:1042C0000476856280F83010C461C0E90032C0E92C
:1042D0000211C0E90441FCF7F1FE08B1FCF762FDF0
:1042E00006206946CDE901400D2000900348FCF707
:1042F00063FE08B1FCF756FDBFBD00BF00C900203A
:10430000002101400100000FE0B50A480A490160A0
:104310000021019114210091FCF7EBFF08B1FCF79B
:1043200041FD044869460022FCF7BCFF08B1FCF7D8
:1043300039FD8CBD48C9002000740040BCB5002088
:104340005F491E4C01900A6842F480020A600A68C4
:1043500002F480020192019A00900868002240F461
:104360000010086008680A2100F40010009000980E
:104370000E20A047124D0E20A8470F200A21002230
:10438000A0470F20A847102005210022A047102099
:10439000A847112000210022A0471120A8473A2059
:1043A0000F210022A0473A20A8473B2000210022ED
:1043B000A0473B202946BDE8BC4008476D1B0008CC
:1043C0004D1B00082DE9F04F87B00DF108081421AE
:1043D0004046FCF7D6FA002439483A4FDFF8E8B0F7
:1043E00000224FF0420A0194016841F0800101600F
:1043F000016801F0800100F040FA41F00401016021
:10440000016801F0040100F038FA41F00101016097
:10441000016801F0010100F030FA41F00201016091
:104420004221006800F00200019001983846D84708
:1044300007F580654FF4805101224FF001092846AD
:10444000D84707F500664FF4407100223046D84740
:104450002846C0210022D847CDE902A9DFF86CA088
:1044600038464146CDE90444D047284641460494A5
:10447000CDE90294D04702204146CDE9034902909C
:104480002846D04703204146CDE9039405904FF4D8
:10449000805002902846D0474FF440704146059422
:1044A000CDE9039402903046D047C02041460594A0
:1044B000CDE9039402902846D04707B0BDE8F08FBD
:1044C00030380240000002401D1A0008851800081C
:1044D00010B586B01748184B002440F6C3117F2250
:1044E000CDE90244CDE90044C0E90034C0E902212D
:1044F000C0E904448461FEF717FC08B1FCF752FCE4
:104500000C48CDE904448DF80640ADF8044001A9FB
:104510000122FEF7AFFC08B1FCF744FC07486946EE
:10452000012200900348FEF75FFC08B1FCF73AFC5B
:1045300006B010BD80D0002000280040010101001D
:1045400070B50D4800214FF400720C4E4FF4827587
:1045500001230224C0E906210A22C0E90065C0E95E
:104560000211C0E9044300F012FA18B1BDE870402E
:10457000FCF718BC70BD00BFA0D000200030014087
:1045800010B50C480C4B4FF4827200214FF40074AC
:10459000C0E900320A22C0E90211C0E90411C0E9F1
:1045A000064100F0F4F918B1BDE81040FCF7FABB81
:1045B00010BD00BFF8D000200038004080B5094889
:1045C000094B00214FF6FF728161C0E90031C0E95B
:1045D00002120161FEF7B6FF18B1BDE88040FCF79A
:1045E000E1BB80BD98D100200020004010B58EB006
:1045F00000241C210D94CDE90B44CDE9084401A809
:10460000FCF7BFF91D481E4B6321D1228461C0E92C
:104610000032C0E902410461FEF794FF08B1FCF7E3
:10462000C1FB4FF480500A9014480AA9FFF748F8DC
:1046300008B1FCF7B7FB1148FFF7AFF908B1FCF779
:10464000B1FB00240D48CDE9084408A9FEF742FF5C
:1046500008B1FCF7A7FB60200594CDE902440822CD
:104660000190064801A9FFF753F908B1FCF79AFB3E
:104670000248FFF707F90EB010BD00BFE0D10020DF
:10468000000800401CB50D4800217C220C4C53232F
:1046900001918161C0E902122021C0E9004300912B
:1046A000FEF750FF08B1FCF77DFB04486946FEF7B2
:1046B00011FF08B1FCF776FB1CBD00BF28D200201B
:1046C00000140040B0B596B000251C211595CDE929
:1046D0001355CDE9105509AC2046FCF752F901A855
:1046E0002021FCF74EF92648264AA721C0E90025DB
:1046F000C0E90251C0E904558561FEF723FF08B106
:10470000FCF750FB4FF4805012901D4812A9FEF7A1
:10471000D7FF08B1FCF746FB1948FFF73EF908B18F
:10472000FCF740FB0020CDE91000154810A9FEF76A
:10473000D1FE08B1FCF736FB602018210990201D3E
:10474000FCF71FF90E48214600220025FFF7E0F88C
:1047500008B1FCF727FB01AC14212046FCF711F946
:104760004FF400502146089506900548FEF78BFE51
:1047700008B1FCF717FB0248FFF784F816B0B0BD8C
:1047800070D200200004014010B50748074C0021FA
:104790000C224FF4E13300F088F818B1BDE8104066
:1047A000FCF700BB10BD00BFB8D2002000100140D4
:1047B00010B50748074C00210C224FF4165300F0A7
:1047C00074F818B1BDE81040FCF7ECBA10BD00BF9A
:1047D00000D300200044004080B50F480F4900225C
:1047E00001F0D2FC08B1FCF7DDFA0B480C4901F0EE
:1047F000EEFF08B1FCF7D6FA07480A4901F064FF5A
:1048000008B1FCF7CFFA044802F006F818B1BDE889
:104810008040FCF7C7BA80BDDCC500200C0000203A
:1048200060000020C4000020024803A1FBF7D4FD73
:10483000FEE700BFC8B200084D656D4D616E61674F
:10484000655F48616E646C6572000000024803A1F8
:10485000FBF7C2FDFEE700BFC8B200084E4D495F3E
:1048600048616E646C6572000148FDF7F7BA00BFDD
:104870009CCB00200A20FCF74FBF019101990194C5
:1048800001687047009100990096016841F00201AB
:104890000160006800F002000090052005900320F0
:1048A000CDE90360022002907047C0E90043C0E9EF
:1048B0000211C0E90412C0E90611FFF763BA2146EC
:1048C00001F03ABC0020C4F8D4022046104720462C
:1048D00001F085BBC0F89412002101F043BE00F046
:1048E0000F0000EB800004EB800070470446D0F816
:1048F000D40204EB8000D0F8C052002D7047D0F8ED
:10490000C402816838460847044690F89404012898
:104910007047C0F8041800207047D3F8000400F076
:10492000070040457047090741EA8010C6F8840037
:1049300001203860FDF778B84CF25030FCF712BB1C
:10494000002084F83400012084F83500704741626B
:1049500053214162204600F085BA206850E8050FD7
:10496000216820F0400041E80502002A7047A0F5C8
:104970008061484602F094BE0021002200232047B7
:104980000144284605F000BF2146FBF725BDC0E9DC
:104990000811C0E90A12FEF757BB0020C4F8D40280
:1049A00020460847204601F037BBC0F8941200218A
:1049B00001F02DBD05463046012101F09FBB0446A4
:1049C000D0F8D40204EB8000D0F8C0020028704771
:1049D000D5F8D40258F82000C16838460847DAF8FC
:1049E0000000416970470099013100910099B1F1CF
:1049F000706F7047016821F0010101607047606DC0
:104A000040F0400060657047012084F8460084F85B
:104A10003E0084F83F0084F8400084F8410084F8A8
:104A2000420084F8430084F8440084F8450084F888
:104A30003D00002010BD206850E8030F216820F0E1
:104A4000100041E80302002A70474FF40042534629
:104A500004F024B9016851E8051F026821F0010142
:104A600042E80513002B7047486840F0200048607A
:104A7000002084F850004A6842F002024A60704701
:104A8000816801F0070106297047016851E8031F9A
:104A9000026821F0100142E80313002B704704461E
:104AA00006F054BA0123012503F0CEBA016841F0A3
:104AB0000101016070472068416821F020014160D8
:104AC0007047204604F058BEBDF852105046FBF720
:104AD00036BF846B0546FCF7A7BF002084F8500062
:104AE000606D40F0100060657047206840694006C6
:104AF000704794F89C0201380228704704468121CF
:104B0000304601F0FBBA41F2100031781F232A1819
:104B100020467047D6F8020002BACAF85420D6F8E8
:104B2000060003BA7047002084F8940410BDB068F2
:104B300000F00C0008287047002084F8340070470B
:104B4000206850E8050F216820F0010041E80502C7
:104B5000002A7047284605F017BE086840F040005C
:104B600008607047204601F036B984F851002046AD
:104B7000704794F8500001287047416821F0030104
:104B800041607047024628680068C0057047D1E957
:104B90000123C9681A4342EA0121826822F47F4254
:104BA0001143816081687047002084F83C002046F2
:104BB0007047044690F8510001287047D6F802006B
:104BC00002BACAF85420B6F8070043BA704700EB9F
:104BD000C00155B204EB8103002D03F51571704738
:104BE000044690F83400012870470D46017F0446C2
:104BF000022001297047012084F85100606D0028CF
:104C00007047207C00F07F00207470474DF808ED5D
:104C10002046FEF77BFE20465DF808EBFEF7CDBE92
:104C2000606AC66401F134061146606A3246FCF7D8
:104C300045BDA06AC66401F138061146A06A324635
:104C4000FCF73CBD206BC66401F140061146206BA9
:104C50003246FCF733BDE06AC66401F13C061146FA
:104C6000E06A3246FCF72ABD2068C268114301227F
:104C7000C160294600F04EBF2068B0F1804F7047F8
:104C800005F5317858F82100816838460847012039
:104C900084F8940420687047401BB0F57A7F704711
:104CA000242084F841002068C16821F40051C160CB
:104CB000204601F00FB990F83C2004460220012A5A
:104CC0007047044690F83D00002870470D460120CB
:104CD0004FEAB201032984F83C0070472046FEF7F2
:104CE0004ABD0020207710BD28463946CAF8583002
:104CF00000F0F3B8DAF8000002F08ABBC9F8380017
:104D0000D9F838007047000240EA0646A8784847BC
:104D1000002001902068C16801918068019001988D
:104D2000704741E80302002A70472046002102F044
:104D3000B1BE846B616A814270470262B8428C687E
:104D4000D1F800C045687047002184F83C1001216B
:104D500084F83D1070474B68CA68194601F012B8D4
:104D6000044690F83C0001287047D0F8C402C1689E
:104D700038460847002084F89404B0BD0A5842F031
:104D800000620A500A5842F080420A5042F2107201
:104D900070474161C16841F40051C1600020202189
:104DA000606484F8411084F84210606310BD94F987
:104DB0001000B0F1FF3F7047BAF84C00DAF8582005
:104DC000DAF8001070470121206884F89414C16853
:104DD000490670470220211D84F83D00206800F03C
:104DE00027BE002084F840002046FEF7E1BF0123E3
:104DF0000127AAF8FE01284603F036B90146DAF881
:104E0000000070476077012027682077002AB86883
:104E10007047606D40F020006065704741F40041CC
:104E2000416440F4806191427047787804F12C012C
:104E30000123012503F018B92046642100F030BC9D
:104E400070470928014698BF09210A22B1FBF2F2F6
:104E500002EB8203A1EB4303591A084440EA021013
:104E6000C0B270472DE9F04104460068C1684906A8
:104E70001BD4C1680026012741F08001C160FCF706
:104E8000D3FD05464FF00408FF432068C06847EA99
:104E90009010C0070AD1FCF7C7FDFFF7FDFEF4D95B
:104EA00084F81D8001260027EEE70026F0B2BDE859
:104EB000F08110B504460068C16821F08001C1602E
:104EC0008068800607D42046FEF72CF818B104202D
:104ED0006077012010BD002010BDD0F8D41200EB87
:104EE0008101D1F8C01269B110B541F268041A44C9
:104EF00009598A4208D900210522212300F0E6FA47
:104F0000FF2002E0FF2002E00020BDE8104040B298
:104F1000704700002DE9FC470F46D0F8D412054633
:104F200000EB8100D0F8C042002C00F0268216462B
:104F300041F2180204EB020A3278A2F11A03102B94
:104F400026D9AA2A00F05081032A00F01581122ADE
:104F500000F030812F2A00F01D815A2A00F0D08005
:104F60009E2A00F0E880A82A00F0D880002A2AD1E2
:104F7000DAF80010002940F0FA819AF84A10022964
:104F800000F07C81FFF7BBFC002840F077810EE148
:104F9000DFE803F009411919221919191958199054
:104FA00019192B197200FFF7E0FE28B1DFF8D803BA
:104FB000817841F0800181703279DFF8CC13042AC6
:104FC00028BF04220BE1284600210522202300F0FF
:104FD0007DFA02206072D0E131790020E060002982
:104FE00018BF01218AF84A10C8E1217A002940F04F
:104FF00099809AF90410002940F1B9819AF84A1071
:10500000022900F02881FFF77AFC002840F0238174
:10501000FFF7D4FD81E130799AF84A1000F00300DF
:10502000012908BF022800F03A810138022800F265
:10503000BE80C0004FF40071C0B221FA00F08AF8BF
:105040004A00B4E0D0F8C40269460DF10602436894
:1050500038469847002840F0FE809AF84A00022817
:1050600000F0F98004F11000002100220C2A00F069
:105070001B8181540132F9E7207A002840F0B68084
:10508000DAF80000002800F072819AF90400B0F10B
:10509000FF3F40F36C81FFF7F3FD002840F0DB8019
:1050A000FFF796FC002800F04481284600210222E8
:1050B000272360E1D0F8C4020AF150060AF14C0837
:1050C00031464246436838469847002840F0C3803E
:1050D0009AF84A00022800F0BE8008210020E16012
:1050E0003168A08201390A0AE174A2740A0C090E1F
:1050F0002174B8F80010627409BA090CE1823DE12C
:10510000FFF733FE20B19F48C17841F08001C170A4
:10511000327A9C49082A28BF082260E0217A0029B7
:1051200000F08C804FF480503946E0602846BDE89E
:10513000FC4700F02FB9D0F8C4020AF150090AF177
:105140004C0849464246436838469847002840F094
:1051500082809AF84A0002287DD0D6F80A00002101
:10516000002302BA04F11000E260934280F0B180A3
:10517000C1540133E268F8E7DAF80000002800F0D3
:10518000F68004F1100000210022122A34D081544C
:105190000132FAE77078800700F18180DAE915239F
:1051A00028463946FFF799FE002800F1E6800020E6
:1051B000E060E3E0DAF80010002900F0D8807178B0
:1051C000C90764D1D0F8C40207EBC7013279C069BE
:1051D00000EB810108790530904238BF0246204635
:1051E00000F092F90020C9E0207AC8B32846394679
:1051F000BDE8FC4700F018B90C209AF84910E0759A
:10520000702020749AF84800884210D004EBC00146
:105210004FF4825201308A5C01F582518988A27470
:10522000A183C1B2043918BF01468AF84810122080
:10523000E0603079122898BFE060D3E79AF9041053
:10524000002940F194809AF84A10022903D0FFF710
:1052500056FB00285FD02846002102223A238AE02C
:10526000DAF80000002800F082809AF90400B0F11A
:10527000FF3F7CDDFFF704FD002844D028460021D5
:1052800002223A2300F022F90520207275E0B0785E
:10529000802834D018B93E4920460622A0E7284687
:1052A00000210522242366E00820E07402202083E8
:1052B0000C20E06000980138010AE075A175010C2E
:1052C000000E2075BDF80600617500BA000C608301
:1052D00088E7D9F800100020208301390A0AE17517
:1052E000A2750A0C090E2175B8F80010627509BA8A
:1052F000090C6183D6F80A1009BAE1603EE023493F
:10530000204608226CE7FFF763FBA8B1284600217E
:1053100002222723B6E7FFF7FDFBFFF7E5FC002895
:105320002BD4FFF749FD5043814220D10220207247
:10533000F8E6FFF743FC01E0FFF7ECFBFFF7D4FCD6
:1053400000281AD4FFF738FD02FB00F399420ED172
:10535000012004F1100220725B48B3F5805F28BF82
:105360004FF480530178284601F051F83AE7284677
:1053700000210522202300F0A9F8FF2040B2BDE85B
:10538000FC8700BF28000020300000203A000020E9
:10539000340000202DE9F0410446D0F8D40204EB9B
:1053A0008000D0F8C072C7B341F2380207F110088C
:1053B000BE18B38DD6E90D255D43B5F5805F28BFD6
:1053C0004FF48055D0F8C402B5FBF3F3D0F810C009
:1053D00008464146E047B0F1FF3F18DD114842461C
:1053E0002B460178204601F0BDF83068B38DD6E930
:1053F0000D12401B3060A8B2B0FBF3F00144101A4C
:10540000C6E90D1004BF03203872002006E02046D4
:1054100000210422112300F059F8FF2040B2BDE81A
:10542000F08100BF000000202DE9F0410446D0F8D3
:10543000D40204EB8005D5F8C00290B341F23802E3
:1054400000F11008861808464146B38DD6E90D27AD
:105450005F43B7F5805F28BF4FF48057D5F8C4523B
:10546000B7FBF3F36D69A847B0F1FF3F13DD306878
:10547000BBB2D6E90D12C01B3060B08DB3FBF0F3A8
:10548000CD18D11AC6E90D510DD1204600210025B5
:10549000FEF7BAFE15E0204600210422032300F0A7
:1054A00015F8FF250DE001FB00F307484246B3F570
:1054B000805F28BF4FF480530178204600F0A7FF9B
:1054C000002568B2BDE8F08101000020D0F8D412B8
:1054D00000EB8100D0F8C002A8B170B541F26101C3
:1054E0004FF48256445C00EBC405AA55621CD4B24A
:1054F000043C18BF1446445405F582500021417104
:105500000371BDE870407047C2600F3001391AB1B5
:105510008B5C8354013AFAE7704700000148FDF7BD
:105520001BBD00BFF8D00020806B0021C187C18661
:10553000FDF710BD806B01684A6822F003024A60E3
:10554000416D41F010014165012180F85110FDF7D6
:1055500001BD806BFDF7CBBE806BFDF786BF806B16
:10556000FDF78EBFB0B5FFF7B4FAFFF70BFB23D4FE
:105570002068A168436823F02003436031B9616863
:10558000B1F5827F02D16FF0030101E06FF00101FC
:105590004368194041602046642100F056F808B184
:1055A000202060650020E087FFF725FB04D020461F
:1055B000BDE8B040FDF7CEBC2046BDE8B040FDF7E9
:1055C00095BEBCB5FFF785FAFFF7DCFA18D4FFF7F4
:1055D00072FA416821F002014160FFF72DFC08B129
:1055E000FFF717FCA06808B9FFF792FB0020E086E0
:1055F000FFF701FB04D02046BDE8BC40FDF7AABC84
:105600002046BDE8BC40FDF72FBFB0B5FFF761FAFB
:10561000FFF7B8FA14D4FFF74EFAFFF70DFC08B104
:10562000FFF7F7FB2068FFF7A8FA0020E086E08785
:10563000FFF7E1FA04D02046BDE8B040FDF78ABC90
:105640002046BDE8B040FDF711BFBCB50446406838
:105650000B46B0F5827F0ED1A068B0F5004F02D0A6
:10566000B0F5806F0CD12168B0F5806F0D6825F022
:1056700040050D6004D1002520460121009203E081
:105680000092002520468021002200F041F820B140
:10569000606D032540F0200060652846BCBD000019
:1056A0007CB50D46164600920221012204462B4687
:1056B00000F02EF828B1606D032640F020006065F0
:1056C00021E0424811490068B0FBF1F04FF47A71D3
:1056D000484301906068B0F5827F0AD1204680215E
:1056E00000222B460096002600F012F80028E2D196
:1056F00009E0019830B10198013801902068806874
:105700000006F6D4002630467CBD00BF00366E0190
:105710002DE9F843089F1C4615460E468046FCF7C7
:1057200083F9381A0719FCF77FF9814627480134B5
:105730000068C0F3CB3078430090D8F8000081684F
:105740003140891BB1FA81F14909A9420FD0002CDF
:10575000F5D0FCF769F9A0EB0900B8420AD200982D
:10576000009901390091002808BF0746E5E70020AD
:10577000BDE8F883D8E900014268B1F5827F22F0E4
:10578000E00242600BD1D8F80810B1F5004F02D00A
:10579000B1F5806F03D1016821F040010160D8F8B4
:1057A0002810B1F5005F07D1016821F400510160B4
:1057B000016841F400510160002088F85000012088
:1057C00088F851000320BDE8F88300BF44000020A2
:1057D000B0B514460D4605F0C1F928604FF480506D
:1057E00020800020B0BD0020704780B5002005F06B
:1057F000BBF9002818BF032080BD0020704700209F
:105800007047000070B50846154611031A031C4680
:1058100005F020FA064607A111A02246002E08BF77
:1058200008462946FAF7D8FD002E18BF0326304651
:1058300070BD00BF09666C61736820726561643A6F
:1058400020736563746F722025642C20636F756EFE
:10585000742025642C20737563636573730A0000DC
:1058600009666C61736820726561643A20736563D0
:10587000746F722025642C20636F756E742025640C
:105880002C206661696C65640A0000002DE9F04710
:1058900017039A46914688465D1C11A63846013D7D
:1058A00008D000F5805405F029F900282046F6D0EC
:1058B00003270CE04FEA0A324046394605F02AFA3F
:1058C00007461DA611A0002F0CBF06460327304631
:1058D00049465246FAF780FD78B2BDE8F08700BF2E
:1058E00009666C6173682065726173652073656316
:1058F000746F722025642C20636F756E742025648C
:105900002C206661696C65640A00000009666C61A0
:1059100073682077726974653A20736563746F7277
:105920002025642C20636F756E742025642C2073F1
:105930007563636573730A0009666C617368207729
:10594000726974653A20736563746F722025642CE4
:1059500020636F756E742025642C206661696C6508
:10596000640A00007047704770B592B006AC3021F1
:105970002046FBF706F801A81421FBF702F80025E2
:105980001E4802260095016841F0805101600068C0
:1059900000F080500090009800951948016841F48B
:1059A00080410160006800F480400090072010965C
:1059B0001190A8200F9004200E904FF48000CDE9A4
:1059C0000C604FF48030079001200690009820462C
:1059D000FDF714F880B94FF48050CDE90265052138
:1059E00005904FF4A05004900F20019001A8FCF7FF
:1059F00011FF08B912B070BDFBF7D4F9403802406E
:105A0000007000400248016841F470010160704775
:105A100088ED00E080B50448FDF7AEFE0348BDE820
:105A20008040FDF7A9BE00BF70D2002050D10020F9
:105A300070B52E4A0368904234D0B0F1804F0BD03D
:105A40002B4CA04208D02B4CA04205D0CC4CA042FD
:105A500002D0294CA04203D14C6823F070032343A9
:105A6000B0F1804F22D0224CA0421FD0214CA04246
:105A70001CD0214CA04219D0204CA04216D0204C62
:105A8000A04213D01F4CA04210D0BD4CA0420DD05C
:105A90001D4CA0420AD01D4CA04207D01C4CA04275
:105AA00004D007E04C6823F070032343CC6823F450
:105AB000407323434E6923F080030C688D683343A1
:105AC00090420360C562846203D002F58062904216
:105AD00001D109690163012141610169C90703D04D
:105AE000016921F00101016170BD00BF00000140AA
:105AF0000004004000080040000C00400018004076
:105B0000001C0040002000400040014000480140CF
:105B10000044014010B501F01F010123046A8B40CD
:105B200002FA01F124EA03030362026A11430162EB
:105B300010BD10B5FFF7FDF810D0A16A814214D056
:105B4000E16A814219D0216B81421DD1C0690821CF
:105B50002177C8B9012084F8410015E0C06901210E
:105B6000217788B984F83E100EE0C06902212177C0
:105B700050B9012084F83F0006E0C0690421217774
:105B800010B9012084F840002046FDF716FFFFF70A
:105B9000A8B810B5FFF7CDF80AD0A16A814209D0A4
:105BA000E16A814208D0216B814207D1082004E0DC
:105BB000012002E0022000E0042020772046FDF7CB
:105BC000FDFEFFF78EB810B5FFF7B3F80CD0A16A51
:105BD00081420DD0E16A81420FD0216B814211D008
:105BE000012084F83D0012E0012084F83E000DE021
:105BF000012084F83F00022008E0012084F84000E2
:105C0000042003E0012084F841000820207720468A
:105C1000FDF7B0FDFFF765B8F0B5036A026A584EAC
:105C200022F0010223F00203A6F5806702628C686D
:105C3000D1F800C0456823438469B84218BFB04218
:105C400010D1CA6823F00C0322F004021343B842B7
:105C500018BFB04206D125F44072D1E905562A4357
:105C600042EA060524F07302456042EA0C028261B2
:105C7000496841630362F0BDF0B5036A026A404EB1
:105C800022F01002A6F5806723F02003FFF755F8F5
:105C9000D0F818E018BFB04243EA041312D1CA6822
:105CA0006FF0400423F0C00304EA02121343B84229
:105CB00018BFB04206D125F44062D1E905452C4316
:105CC00042EA84052EF4E642456042EA0C228261F3
:105CD000496881630362F0BDF0B5036A026A284E29
:105CE00022F48072A6F5806723F40073FFF725F88D
:105CF000D0F81CE018BFB04243EA042312D1CA68AE
:105D000040F2FF4423F440631202A2431343B8421B
:105D100018BFB04206D125F44052D1E905452C43C5
:105D200042EA04152EF07302456042EA0C02C26199
:105D30004968C1630362F0BDF0B5D0F820C0036AC2
:105D40000F4A40F4806723F480539742036245680A
:105D50000C688B68C66904D14A6925F4804545EA18
:105D6000821526F4E642456042EA0422C26149688F
:105D700001642CF4005141EA03310162F0BD00BF1F
:105D80000004014010B5036A046A24F001040462AF
:105D9000846924F0F00444EA0212826123F00A02CA
:105DA0001143016210BD10B5036A046A24F01004A7
:105DB0000462846924F4704444EA0232826123F06C
:105DC000A00242EA0111016210BD806B0021C18571
:105DD000C184FDF7B3BE016851E8031F026821F4D6
:105DE000907142E80313002BF5D14DF808EDFEF752
:105DF00031FE5DF808EBF8D1016B012906D14DF8B1
:105E000008EDFEF742FE5DF808EBF8D1202180F89E
:105E1000421000210163704790F84210222920D1DE
:105E200083680246B3F5805F08D152F8281F52F804
:105E3000183C002B45D003685B6809E052F8281F26
:105E400013B90369002BF6D003685B6803F07F0386
:105E50000B70116801311160C18D0139C1850904D0
:105E600000D070470168CA6822F02002CA60CA6880
:105E700022F48072CA604A6922F001024A6120213C
:105E800080F8421000214163026B012A18BFFEF71F
:105E900015B881B001634DF808EDFEF7F6FD5DF829
:105EA00008EBF8D101680A68D20606D500220092F4
:105EB0000A680092496800910099818D01B0FDF750
:105EC0003CBE026852686FF35F2221F8022B8162A8
:105ED000C2E70000B0B50446006804F108030ECB29
:105EE000056925F4405519432A4349F20C650261BE
:105EF000C26863691943E369AA4319431143C16046
:105F00004169A26921F4407111434161204940F483
:105F10008060884202D1FCF733FD01E0FCF726FDEA
:105F2000E269192163681B4DA0FB0101B2F5004F26
:105F300016D15A00DB0FFAF7D6F9642105F1805328
:105F4000B0FBF1F202FB0300322303EBC000B0FB15
:105F5000F1F04FF4F87101EA400100F0070011E0A0
:105F60009A009B0FFAF7BFF964213223B0FBF1F2DC
:105F700002FB050003EB0010B0FBF1F000F0F001B4
:105F800000F00F0001EB0211084421688860B0BDE9
:105F9000001401409CFFFF0F0148FDF7D1BD00BF79
:105FA00000D3002080B5D0F8B8225268904700286E
:105FB00018BF032080BD002070470020704780B5C7
:105FC00013460A46002100F022FA002080BD80B569
:105FD00013460A46002100F0C5FA002080BD10B526
:105FE0008021044600F09FFA20460021BDE81040C1
:105FF00000F099BA80B5052100220023FEF7D5FCF8
:10600000002080BD80B513460A460221C0E9063350
:10601000FEF760FC002080BD80B504210022002333
:10602000FEF758FC002080BD10B5264C0A4602A0A1
:10603000FEF745FC204610BD4D534320436F6E666E
:10604000696700001220088000487047480000205F
:1060500010B51C4C0A4602A0FEF731FC204610BDCC
:106060004D534320496E746572666163650000009C
:1060700004200880004870475C00002010B5114CD7
:106080000A4602A0FEF71BFC204610BD53544D6982
:1060900063726F656C656374726F6E696373000021
:1060A00010B5084C0A4602A0FEF709FC204610BDB8
:1060B00053544D3332204D6173732053746F7261AA
:1060C0006765000088110020B0B51A2008800949D2
:1060D00008688A6880180BD0074D4C680822A91CF4
:1060E000FDF700FF05F1120120460422FDF7FAFE3C
:1060F0000148B0BD107AFF1FE400002002784388F9
:1061000093429CBF0020704710B594B29C4209D2C4
:106110000478204422444478052CF6D184788C42BB
:10612000F3D110BD002010BD0021027812B1013062
:106130000131FAE7C8B27047C8B170B516460C46CF
:106140000546FFF7F1FF0221032201EB40003080FA
:106150002070002062702A783AB1CBB20135E25447
:1061600054FA81F202315070F5E7BDE87040704793
:10617000044AC100032822FA01F188BF0321C8B2F2
:10618000704700BF0003010378B10023C0F8D0328C
:10619000C0F8C432C0F8B83209B1C0F8B412012155
:1061A000027080F89C1200F0B7B80320704780B5E9
:1061B000D0F8C802FBF77AFDBDE88040FFF7D8BFF2
:1061C00080B5D0F8C802FBF758FDBDE88040FFF766
:1061D000CFBFB0B5044669B194F89C02032847D1FB
:1061E000D4F8B8024269002A42D0FEF76BFB0028BF
:1061F0003ED0B0BDD4F89402022833D1D4E90701CF
:1062000088420DD9431A114620461A46E361FFF72A
:10621000DEFE204600210022002300F0F8F821E0F5
:106220000FD1A16981420CD3D4F89802814208D2DF
:106230002046002100220025FFF7C9FEC4F898522D
:10624000E7E794F89C02032805D1D4F8B802C168A6
:1062500009B1FEF7A2FB2046802100F064F9204638
:10626000FFF7C8FE94F8A00210B1002084F8A00245
:106270000020B0BD10B5044659B194F89C02032823
:1062800028D1D4F8B802826922B3FEF71BFB08B309
:1062900010BDD4F8940203281CD1D4E957039842C6
:1062A0000BD9C01A1146C4F85C01984238BF0346A6
:1062B00020461A46FFF783FE0CE094F89C02032860
:1062C00005D1D4F8B802016909B1FEF766FB204692
:1062D000FFF7A2FE002010BD00207047012180F8CA
:1062E0009C12D0F8B8223AB180B501795268904733
:1062F000002818BF032080BD0020704780B5D0F86B
:10630000C802FBF7F5FCBDE88040FFF731BFD0F8CD
:10631000C802FBF704BD0000017849BB10B5154960
:10632000C0F8C812C1F8E004042008714FF0A04082
:1063300008600020C8810220C1F809004FF40070F5
:10634000C8800846FCF7E1F808B1FAF72BFD094CC4
:1063500080212046FBF741FC204600214022FBF72C
:1063600040FC204601218022FBF73BFCBDE81040A9
:10637000002070479CCB0020D0F8C80201EBC1027E
:1063800001F07F0349B203EBC303002900EB820253
:1063900000EB830002F2562248BF00F1160210788B
:1063A0007047D0F8D42200EB8202D2F8B8225AB15A
:1063B00090F89C32032B05D1126A1AB180B5904730
:1063C000002080BD0020704703207047D0F8D42201
:1063D00000EB8202D2F8B8225AB190F89C32032B1B
:1063E00005D1526A1AB180B59047002080BD0020C7
:1063F00070470320704710B51446D0F8C8021A46FB
:106400002346FBF795FCBDE81040FFF7B1BE80B511
:10641000D0F8C802FBF7B9FCBDE88040FFF7A8BE82
:10642000F8B501260025044680F89C62C0F8A45205
:10643000456080F8A052C0F89452D0F8B80240B13C
:10644000426832B12046002190470546002818BF17
:10645000032520460021002240234027FFF7CBFFE1
:106460002046802100224023A4F86461C4F86071B2
:10647000FFF7C1FF2846A6842762F8BD90F89C125A
:10648000042904BF90F89D1280F89C1200207047E8
:1064900090F89C12032908D1D0F8B81229B1C96923
:1064A00019B180B58847BDE880400020704701746D
:1064B0000020704780B5D0F8C802FCF7E2F8BDE8CC
:1064C0008040FFF755BEB0B500F2AA250446284625
:1064D00000F072F90120C4F89402B4F8B002C4F8D4
:1064E000980294F8AA0200F01F0102290ED0012997
:1064F00006D089B920462946BDE8B04000F08EB9E3
:1065000020462946BDE8B04000F086BB204629461B
:10651000BDE8B04000F0E4BA00F080012046BDE8DC
:10652000B040AFF3008080B5D0F8C802FBF748FC5C
:10653000BDE88040FFF71CBE80B5D0F8C802FCF76C
:10654000B4F8BDE88040FFF713BE90F89C12042910
:106550001CBF90F89C1280F89D12042180F89C12B8
:106560000020704780B5D0F8C802FBF75CFCBDE89E
:106570008040FFF7FDBD80B5FDF76AFD002080BDBE
:1065800080B5FDF785FD002080BD000070B54D4E43
:1065900004467178FFF714FE70780025FEF79FF926
:1065A000A0F8645120463178FFF70AFE307804F5F0
:1065B0003076FEF794F98584D4F8D40256F820009A
:1065C00070B12046FDF7DEFDD4F8D40256F8200065
:1065D00000F052FBD4F8D40246F82050C4F8BC5264
:1065E000002070BD0A21018000487047B8000020DB
:1065F00070B5184EFEF782FAFEF7DCF90DB14021B6
:10660000A98008B14021818020202080114870BDE0
:1066100070B5104EFEF772FAFEF7CCF915B14FF4D3
:106620000071A98010B14FF400718180202020807A
:10663000084870BD70B5074EFEF760FAFEF7BAF96C
:106640000DB14021A98008B1402181802020208007
:10665000004870BD98000020F8B5044641F274006F
:1066600000F00CFBD4F8D42204F5307128B341F8C3
:106670002200C4F8BC02207C124E4025002808BF2E
:106680004FF40075717820462B460222FFF7B3FEC7
:106690007078012702222B46FEF721F9A0F86471D9
:1066A00020463178FFF7A7FE3078FEF718F9878487
:1066B0002046FDF771FD0020F8BD002041F82200C2
:1066C0000220F8BD0000002039B1D0F8D42200EB40
:1066D0008200C0F8C41200207047032070477CB5C8
:1066E0000446D0F8D4020D460021ADF8061004EBA4
:1066F0008000D0F8C062002E5CD0297811F06002D2
:1067000018D0202A52D16A7849B2FF2A23D0FE2A13
:106710004CD16A88002A49D1EA88012A46D1B1F1D0
:10672000FF3F43DCD0F8C4028069804730602046D8
:1067300031462FE068780B2830D0012815D00A2880
:1067400022D098BB94F89C0203282FD10DF10601AA
:10675000204602221FE0688840BB002926D4E88832
:1067600020BB2046FDF738FD1EE094F89C0203286C
:106770001AD16888C0B929792046FFF7BFFD297969
:106780002046FDF745FC0FE094F89C0203280DD14C
:10679000311D20460122FFF735FC05E094F89C02EC
:1067A000032803D1A878706000207CBD20462946CC
:1067B000FFF715FC03207CBD0A7802704A7842700E
:1067C0004A8842808A888280C988C18070471CB507
:1067D00004460020ADF80600A9B1D4F8D402C4F8EC
:1067E000B81204F52E7151F82000C16A21B10DF1E3
:1067F00006008847C4F8D002D4F8D8020130C4F8A3
:10680000D80200201CBD03201CBDD0F8B8220AB15C
:106810001268104700207047FFF78EBEBCB50446D3
:1068200008780D4610F0600011D0402802D02028D2
:1068300040F04781D4F8D402294604EB8000D0F818
:10684000B8028268204602B0BDE8B04010476878C0
:10685000092800F23681DFE810F00A003100340127
:10686000490034015300710034011E003F00FEF75F
:1068700040F900F22681E888022840F02281D4F80D
:10688000A40203222146002808BF012241F80C2F50
:106890002046022212E1E888012840F0128194F893
:1068A0009C02411E022980F0798000252146204665
:1068B000012241F8085FFFF7A5FB05E1FEF719F992
:1068C00000F2FF8068880025012840F0FD80C4F8B0
:1068D000A452FEF767F8F7E06888804D10F0FE0FCD
:1068E000287041D0FDF7F3FF0325EDE0688802280A
:1068F00050D0012840F0E5800120C4F8A402E5E072
:10690000A888002840F0DD80E888002840F0D98081
:106910006D887F2D00F2D58094F89C02032800F04A
:10692000D080E9B2204684F89E52FFF7C3FDFEF7FF
:1069300039F8002D00F0CD800220CBE000204FF090
:10694000FF31ADF80600688801EB1021062900F23E
:10695000B880DFE801F004372AB6B63D4700D4F826
:10696000B412207C0A689AE094F89C12032945D05E
:10697000022960D1010600F0A98000F001016160E8
:10698000C1B22046FFF741FF00286FD00546FDF752
:106990009EFF4CE0687984F8A00297E0032840F05D
:1069A0009080211D2046012288E0C0B2052800F217
:1069B0008880DFE800F0036B63675F6FD4F8B40290
:1069C00042686AE0217CD4F8B802D9B3C16A3AE0DF
:1069D000207C002875D1D4F8B802416B0DF1060077
:1069E00088475FE0207C00286BD1D4F8B802016BA7
:1069F0000DF1060088470146072029E0010629D04D
:106A0000616800F00100814260D0C9B22046FFF702
:106A1000C9FA297820466160FFF7F7FE002855D0B3
:106A20000546FDF754FF21792046FFF7BBFA022007
:106A300084F89C0248E0FDF74AFF29782046FFF7DA
:106A4000B1FA51E7816A0DF106008847014602203C
:106A5000487028E0022100F00100002584F89C1213
:106A6000606020460021FFF79DFA32E7FDF79AFFAC
:106A700003202FE0D4F8B40242690EE0D4F8B40247
:106A8000C2680AE0D4F8B402026906E0D4F8B4029D
:106A9000826802E0D4F8B402826992B1207C0DF1E0
:106AA000060190470146EA8882B1BDF8060040B170
:106AB000904238BF0246ADF806202046FFF7A2FA02
:106AC00001E0FDF704FF00252846BCBDFDF76AFF85
:106AD000F9E7012084F89C02F5E700BF841100204B
:106AE00070B5044608780D790E4610F0600016D097
:106AF000402801D0202873D120462946FFF75BFAB1
:106B000000286FD10020C4F8D402D4F8B8028268FB
:106B1000002A67D020463146BDE8704010477078A3
:106B2000F0B101280BD003285AD194F89C02032815
:106B300009D17088002857D0FDF734FF52E094F84F
:106B40009C0203281FD002284AD1680648D020465C
:106B50002946FFF7E8FC20468021FFF7E4FC41E0EE
:106B600094F89C02032819D0022839D1680637D13D
:106B700028064FF0140058BF4FF4AA70002121508E
:106B80002118204644E0708860BB680603D0204688
:106B90002946FFF70CFBFDF705FFADE705F00F00F9
:106BA000802D00EB800004EB80002CBF808CB0F8BF
:106BB0006401A8B105F07F0105EB8500802D01EB94
:106BC000810104EB800004EB810101F1140638BF60
:106BD00000F5AA7645F0800080280FD1002014E04F
:106BE000FDF775FE002070BD6806A5D0F08800286E
:106BF000A2D120462946FFF796FC9DE7204629466C
:106C0000FFF7BAFB002818BF01203060204631464C
:106C10000222FFF7F7F9E5E7B0B5044608780D461C
:106C200010F0600018BF40280DD1FDF762FF0CD8AE
:106C3000A88810F0FE0F08D1C1B22046FFF7BDF9B9
:106C400038B1032010E02028EFD0FDF740FE0020EF
:106C5000B0BDD4F8B8028268002AF2D000202946DC
:106C6000C4F8D40220469047E9880029F0D10028D2
:106C7000EED1FDF797FEEAE7704700000048704745
:106C80008813002070B5D0F81C480A784E7853015C
:106C900002F00F05012E16D1012606FA05F52C4348
:106CA000C0F81C481844D0F800391B0423D400F560
:106CB0001060036843EA82520B7989686FF3DF2121
:106CC00041EA834113E04FF48032AA402243C0F8E6
:106CD0001C281844D0F8002B12040CD40A798968B7
:106CE00000F530606FF3DF2141EA82410268114311
:106CF000024A11430160002070BD00BF00800010F7
:106D0000D0F8001940F2FF729143C0F80019D0F892
:106D1000041841F48071FDF7FCBD000070B5044615
:106D200002F47F400D46B0F5807F17D1A16B1B4A5E
:106D3000049821F48031C0B2A163E1681140E160A0
:106D40000128E16821F44011E16003D1E06840F4DA
:106D50008010E060204600F023F810E0E0681E4656
:106D600040F04000E060204600F01AF8A16B16F4F5
:106D70007F4F14BF21F4803141F48031A16305F4C9
:106D80007F01B1F5803F07D1A16841F00601A16004
:106D9000A16841F02001A16070BD00BFBFFFBDFF31
:106DA00081B0002100917246FDF71DFE964613D872
:106DB0000169B1F1FF3FF6DC00210091016941F06A
:106DC000010101617246FDF70EFE964604D8016985
:106DD000C907F7D1002000E0032001B07047000090
:106DE000B0B50A784C7819495301012C06D1C41862
:106DF000D4F8005904F51063012408E0C41801F127
:106E00007071D4F8005B04F530634FF48034B5F151
:106E1000FF3F07DC1D6845F000651D601D6845F0FB
:106E200080451D6002F00F0204FA02F2D0F83C48DF
:106E30009443C0F83C48D0F81C4824EA0202C0F849
:106E40001C281868084018600020B0BD007833EC9A
:106E5000D0F8001E21F00301C0F8001ED0F804187D
:106E600021F00201FDF755BDD0F8001E21F003010D
:106E7000C0F8001ED0F8041841F00201FDF749BD2A
:106E80002DE9FE4F8B468146180C412100235029E5
:106E900003D049F821300131F9E75FFA80FABAF1FD
:106EA000000F08D0D9F8380020F40010FDF726FFB5
:106EB00040F4002011E0D9F8040840F00200C9F8BD
:106EC0000408D9F8380040F40010FDF717FF20F44B
:106ED0000020FDF713FF20F48020C9F838000020BF
:106EE00002F47F41B1F5807FC9F8000E02920DD106
:106EF000D9F8001809F50068B0EB1B6F0EBFC8F891
:106F0000001041F00100C8F8000007E0D9F80008BF
:106F100009F5006840F00300C9F800084846102150
:106F200000F01EFA0190484600F0FDF95FFA8BF17F
:106F3000002209F510634FF67F3500264901C8F895
:106F40001020C8F81420C8F81C20B1420ED09F5958
:106F50004FF09044002E08BF4FF0006404EAE7743D
:106F60009C519C1920362261A560EEE709F530623C
:106F700000234FF67F350026B1420ED094594FF0D2
:106F80009047002E08BF4FF0006707EAE474945161
:106F9000941920362361A560EEE7D8F8101021F48B
:106FA0008071C8F810100021C9F818106FF08041E6
:106FB0001BF47F0FC9F8141005D1D9F8181041F04F
:106FC0001001C9F81810D9F818100E4A1143C9F861
:106FD0001810029911F47F0F05D0D9F8181041F05C
:106FE0000801C9F81810BAF1010F05D1D9F8181025
:106FF000054A1143C9F818100199084318BF012028
:10700000BDE8FE8F00383C8004000040816821F01C
:10701000010181600020704710B5036C134CA3423E
:1070200003D3D0F8003B002B1ED40023C0F8103B44
:107030000129D0F8103B43F40023C0F8103BD0F8EE
:10704000103B43F01803C0F8103BD0F8103B43F05E
:10705000C043C0F8103B07D1C0F8142BD0F8001B78
:1070600041F08021C0F8001B002010BD0B30544FB0
:107070000A784B7852011044012B0DD1D0F8002929
:1070800022F40012C0F80029097901F0FE0102295A
:1070900013D100F510600CE0D0F8002B22F40012A0
:1070A000C0F8002B097901F0FE01022905D100F595
:1070B0003060016841F080510160002070470A781B
:1070C0004B7851010144012B19BF01F53060D1F813
:1070D000001B01F51060D1F80019002904D41AB181
:1070E000016821F080410160016841F400110160F4
:1070F00000207047F8B54B780C78694F694D012B2B
:1071000029D100EB441CDCF81069D1F810E00CF533
:107110001063BEF1000F41D035401D611D693D4037
:107120001D61002C8F6864D00EEB07055F4E013D9A
:10713000B5FBF7F51F6906EAC5463E431E610E79A9
:10714000012E61D11E6926F0C0461E614FF0C04677
:1071500006EA457555E000EB4413D3F8106B354053
:10716000C3F8105BD3F8105B3D40C3F8105B4E4D85
:1071700003F530638E680F69DCB1EFB1BC19013CD7
:10718000B4FBF6F4A7B27E43484F0E6207EAC4444C
:107190001F693C431C6106EA050414E03E404FF0C1
:1071A000000E1E611E6946F400261E611E693540F0
:1071B0002FE007B10E610E6206EA05041D692C433B
:1071C0001C614FF400241D692C43012A1C6102D16B
:1071D000CA6802B15A61097901292FD1D0F808088B
:1071E000C0054FF0805058BF4FF000501968084359
:1071F00023E0BE4591BF4FF400250F614FF40025F9
:10720000BE461E6935431D6175461E696FF3DF4535
:107210003543012A1D6117D1CA690AB1CCF8142976
:10722000097901290AD1D0F80818DCF80009C90544
:107230004CBF40F0805040F000501860186840F09B
:10724000044018600020F8BD630100F51065EE5899
:1072500046F00446EE500E79012E12D1D0F808689F
:107260005F59F6054FF0805658BF4FF000563E4329
:107270005E511FFA8EF3C9680092224600F0A0F911
:10728000E0E7BEF1000FDDD004F00F01012202FAA9
:1072900001F1D0F834281143C0F83418D2E700BF08
:1072A000FFFF07E00000F8FFFFFF07000000F81FE6
:1072B00081B0002200920A784B785101012B14D141
:1072C00000F510604258B2F1FF3F21DC7346FDF734
:1072D00055FD9E46009B01330093009B93421AD8B4
:1072E0004358B3F1FF3FF5DD12E000F5306042583E
:1072F000B2F1FF3F0CDC7346FDF740FD9E46009B5C
:1073000001330093009B934205D84358002BF6D4D9
:10731000002001B070470120FBE7816841F00101C6
:1073200081600020704781B0002100917246FDF716
:107330005AFB964611D80169B1F1FF3FF6DC0021F6
:107340000091102101617246FDF74DFB964604D86D
:107350000169C906F7D4002000E0032001B070479E
:1073600081B000220092009A01320092009AB2F19C
:10737000706F12D80269B2F1FF3FF4DC890100227C
:107380002031009201617246FDF72DFB964604D82C
:1073900001698906F7D4002000E0032001B070479E
:1073A000D0F8080802A100F00600085C704700BF92
:1073B000000F020F0F0F0200406900F0010070473C
:1073C000D0F81818D0F81C08084080B27047D0F8E0
:1073D0001818D0F81C080840000C704710B5D0F8F9
:1073E0001028D0F8344801F00F0300EB4110D0F81A
:1073F000080924FA03F3DB01DBB21A43104010BD85
:1074000000EB4111D1F8081BD0F814080840704770
:107410004169806908407047B0B593084FF48054C3
:1074200023B10559013B41F8045BF9E712F003026F
:107430000BD04FF48053C058002320FA03F40833D4
:10744000013A01F8014B1404F7D10846B0BDB0B5BC
:107450000446C06820F0C040E060A1B101291CBF13
:107460000120B0BDE068002540F00050E0600A2037
:10747000FAF752F9616905F10A00C90713D1BE2D67
:107480000546F4D30FE0E068002540F08040E0605E
:107490000A20FAF741F9616905F10A00C90702D02B
:1074A000BE2D0546F4D3C838B0FA80F04009B0BD0F
:1074B000D0F8002801F07F0122F4FE62C0F8002815
:1074C000D0F8002842EA0111C0F8001800207047E7
:1074D000022A34D1284A294B0A449A4202D24FF454
:1074E00070512EE0264A274B0A449A4202D24FF4AA
:1074F000605126E0244A254B0A449A4202D24FF4B6
:1075000050511EE0224A234B0A449A4202D24FF4C1
:10751000405116E0204A214B0A449A4202D24FF4CD
:1075200030510EE01E4A1F4B0A449A4202D24FF4D9
:10753000205106E01C4A1D4B0A449A420AD24FF4DD
:107540001051C26822F47052C260C2681143C16017
:1075500000207047164A174B0A449A4202D24FF451
:107560000051EEE7144A154B0A444FF4C0519A42B9
:1075700038BF4FF4E051E4E7405327FF00350C00DB
:10758000401E1BFF40420F0000DC0BFF804F12002B
:10759000808CF9FE20D6130060B6E5FE60E316008D
:1075A00000D3CEFE40771B00C05BB3FEC09121002C
:1075B00000CA91FE20753800E05459FEE09C41005D
:1075C00010B5029C0CB1002010BD0333120300F56E
:1075D00080509B08002BF6D051F8044B013B14500F
:1075E000F8E70000024803A1F8F7F6FEFEE700BF47
:1075F000C8B2000855736167654661756C745F4871
:10760000616E646C65720000F0B5174C00EB4000D1
:10761000012504EB00106FF007041030D4B104F121
:1076200008067E2786F0070605FA06F61E4208BF02
:107630002A2707820E424FF07E0708BF2A271642EC
:1076400020F8027B4FF07E0608BF2A2620F8126C35
:107650000134E3E7F0BD00BF0248034A002168237C
:10766000FCF7AEB970D2002080E300207047000024
:10767000F0B5164B00224FF0FF348A4204BFE043BE
:10768000F0BD855C6C4008253DB183EA5406E707F0
:1076900008BF6608013D3446F6E70132EDE700BF5A
:1076A000F0B50A4CC3430020904204BFD843F0BD5C
:1076B0000D5C6B4008253DB184EA5306DF0708BF27
:1076C0005E08013D3346F6E70130EDE72083B8ED73
:1076D00070B504464FF0FF306063002020712046F3
:1076E00003F052F808B1042070BD94F83800B4F8E3
:1076F00036524AF65526E838032844D8022842D0A4
:10770000B54206D104F18A0021A10822F9F79CF8BC
:10771000B8B3B4F84300411E0140090433D1A0F5C9
:10772000007080B2B0F5606F2DD894F8450050B36A
:10773000552101EA5001401A332101EA900100F07D
:107740003300084400EB101000F00F0001281AD895
:10775000B4F84600B8B194F848000138012812D8AE
:10776000B4F8490078B1B4F84B007F2806D804F18A
:10777000580002F049F9B0F5803F04D3B4F84E0048
:1077800008B1002070BD0320B54208BF022070BDC3
:107790004641543332202020000000000268836AF2
:1077A0009089B1FBF0F05189B0FBF1F0191D0A6826
:1077B00022B1904204D3801A0831F8E700207047C4
:1077C000496808447047C2690239023A91422FBFA2
:1077D0000020026B408901FB002070472DE9F8432F
:1077E00004688946064681B13046494601F0C4FF27
:1077F00002283CBF0120BDE8F883411C42D0E1696A
:107800004D46884206D2BDE8F8836569F5B1E16965
:107810008D421BD2A04658F8180F80B34D451AD19F
:1078200009F1010730468F4228BF0227394601F08F
:10783000A3FF411CE7D048B30128E4D06569022DBD
:1078400050D3E069854228BF4D4604E0A04658F871
:10785000180FA0B101252F46E0690137874228BFE4
:10786000022701D3022D0AD33046394601F084FFA6
:10787000411CC8D068B10128C5D0AF42ECD100206E
:10788000BDE8F8834FF0FF30BDE8F883002F4D4688
:10789000E1D0204639464FF0FF3202F092FF014618
:1078A000B9F1000F06D029B9204649463A4602F000
:1078B00088FF014631B10120012908BF4FF0FF3098
:1078C000BDE8F883D4E906016761023988429CBFAC
:1078D0000138C8F80000607940F001006071384656
:1078E000BDE8F8834D46B6E7F8B50D46044603F00B
:1078F000B7FA08B10120F8BD20462946FFF763FF1B
:1079000004F13806054660634FF480513046F9F7BC
:1079100038F800276089874209D26078EA19314631
:10792000012300F0A1FB08B90137F3E76089C01B10
:1079300018BF0120F8BD00002DE9FE4F05680021A9
:10794000044600F001FB08B1BDE8FE8F4FF0FF36A2
:1079500004F120094FF0FF084FF00D0A4FF0FF0B24
:10796000E662A169FDF7F6F8002840F08A80E76931
:107970003878002800F08880FA7AE52802F03F0184
:10798000A17103D0120709D50F2907D0E6624FF085
:10799000FF08FDF7CAF90028E3D0D5E70F290AD17F
:1079A00094F82B104906F4D4410618D45FFA88F1F4
:1079B0008842ECD119E05FEA086004D1384603F050
:1079C000FAF9834563D094F82B00C007DED138461E
:1079D00049460B22F8F738FF0028D7D157E0216934
:1079E00097F80DB000F0BF08E162787B8345CED1F7
:1079F000788B0028CBD12869CDE900B9029038787E
:107A000000F03F0000FB0AF04FF0000AA0F10D0B60
:107A10000120BAF10D0F1ED0974911F80A107E5AB5
:107A200088B1BBF1FF0F1ED8304601F0B3FB814691
:107A3000029830F81B0001F0ADFB814513D10BF12A
:107A4000010B304604E04FF6FF7086420BD1002058
:107A50000AF1010ADDE73978490607D530B1029805
:107A600030F81B0010B14FF0FF0801E0A8F1010849
:107A7000DDF80490DDF800B04FF0FF364FF00D0A4E
:107A800087E70120BDE8FE8F0420BDE8FE8F0020BF
:107A9000BDE8FE8F2DE9F0410446006900F12007A2
:107AA000B7F5001F02D30020A06110E00E46A169C7
:107AB00069B12568A88980B2B7FBF0F202FB1070AB
:107AC00048B1284427613830E061002000E00420FC
:107AD000C0B2BDE8F081481C6169A06131B11F48A6
:107AE0006B891844104207D00020EAE7298900205A
:107AF000B1EB571FD8D9E4E7FCF7E3FF022801D226
:107B00000220E5E78046013026D0E86980450CD2A6
:107B100028464146C4F81480FFF755FEA061A889A5
:107B2000B7FBF0F101FB1070CBE7002EBBD0616911
:107B30002046FFF753FE80460130032806D208494D
:107B400001EAC000074921FA00F0C1E72846414692
:107B5000FFF7CAFE0028DBD00120B9E7FFFF1F00B6
:107B6000F8FFFF00010702002DE9F84F0568DFF874
:107B70007CB30446FF274FF004084FF6FF7A00223B
:107B80004FF0FF09A16900295AD0FCF7E3FF002854
:107B90005BD1E069017800295AD0C37A2E2903F01D
:107BA0003F02A27118D0E52916D003F01F03082B5D
:107BB00012D00F2A56D14A0603D4FAB2914206D007
:107BC0000AE0226990F80D9001F0BF07E262417B64
:107BD000894501D1418B51B1FF27204600214FF04B
:107BE0000008FFF757FF01220028CBD033E00178CF
:107BF0000D22D5F810C0002301F0BF015143A1F1BF
:107C00000D0201210D2B0FD01BF80360865B31B1F3
:107C1000FF2AE1D82CF812600132314602E05645C5
:107C2000DAD100210133EDE7007840064FF0000083
:107C300004D519B1FF2ACFD82CF81200013FCCE7A8
:107C4000D00709D04FF0000808E04FF0010803E02A
:107C50004FF0040800E080460020A0615FFA88F041
:107C6000BDE8F88F390603D103F0A5F88145E9D0C6
:107C70004FF0FF30E062E5E7F4B000082DE9F04F87
:107C800087B090F82BB01BF0A00F04D00627384621
:107C900007B0BDE8F08FD0F80080044600F1200A5C
:107CA0000026D8F8100030F8161001360029FAD155
:107CB000DAE90001CDF80480CDE90201BAF8080044
:107CC000ADF810009AF80A008DF812005FEACB7048
:107CD00065D0854D40204FF001080DF1140984F85E
:107CE0002B00B8F1640F00F0898001980B2207691E
:107CF000504602A9F8F7DEFDB8F1060F414610D351
:107D0000388870B1102252B100F0010343EA4103F8
:107D1000090448BF6B40013A40081946F3E70237AF
:107D2000EEE70723062701F00F003A4600F130077F
:107D3000392F88BF00F1370709F80370581E102942
:107D400004D3571E0909012B0346ECD17E2109F803
:107D5000001000213AB1631893F82030202B03D093
:107D6000013A0131F6E7014607289ABF19F80020C9
:107D70000130202263180131082983F82020F3D133
:107D80002046FFF7D9FD08F101080028A9D00746D1
:107D900004287FF47CAFD4F8008084F82BB006F17F
:107DA0000B000D21B0FBF1F0461C5FEA8B7058BF51
:107DB00001262046002100F0C7F8074600287FF47E
:107DC00066AF0025A169404602F0DEFC002840F0C5
:107DD0008680E0690078E52800D018B90135B54201
:107DE00001D10DE0002520460121FFF753FE0028B8
:107DF000E8D00746042808BF072748E7072746E7D3
:107E0000B6F1010B50D02069A0EB4B11204600F0D9
:107E10009BF8074600287FF43AAF504602F0CBFFAC
:107E2000DFF8C89080464FF6FF76019DA169FCF708
:107E300091FE002853D1E0690F2229690D25002306
:107E40000027A0F80B205FFA8BF2438380F80D80A7
:107E50006A430D3ABFB2B7421ABF31F8127001320D
:107E60004FF6FF7719F8035047533D0402D00C2B0F
:107E700004D105E00C2B4FF6FF7709D00133E9E779
:107E8000BBB2B34204D031F812100029594601D1D7
:107E90004BF040010170019801210171FCF745FF91
:107EA000F8B9BBF1010BC0D1A169019802F06CFCDB
:107EB000012700287FF4EBAEE0692021F8F73FFDB1
:107EC000E06951460B22F8F7F5FC94F82B10E069B5
:107ED00001F018010173019807710027D7E6012707
:107EE000D5E60746D3E600BF21100100F4B0000834
:107EF0002DE9F041C16A056806690446481C05D0B1
:107F0000204600F021F808B1BDE8F0814FF0E50807
:107F10000127A169FCF71EFE78B9E06980F80080AE
:107F20002F712069B0420BD2FCF7FFFE0028F0D081
:107F3000042808BF0220BDE8F0810120BDE8F081DF
:107F40000020BDE8F08100002DE9F04104462748FB
:107F5000014202D00220BDE8F081A768D4F8008079
:107F60000D462161B7B1B8F80A00B8F80C1001FB52
:107F700000F6B5421FD32046394601F0FDFB074607
:107F800001302FD0022FE5D3D8F81C008742E1D270
:107F9000AD1BEEE798F80000032803D3D8F82C7047
:107FA000002FE0D1B8F80800B0EB551FD2D9D8F8AF
:107FB0002C00002703E040463946FFF704FC002868
:107FC000C4E90570C6D0B8F80C1089B2B5FBF1F25F
:107FD00002FB1151104441443831C4E9060100202C
:107FE000BDE8F0810120BDE8F08100BF1F00E0FF87
:107FF00008B101207047F8B50020CDE90200CDE9B5
:108000000000684602F0B0FD002818BF0120039967
:10801000B1FA81F14909084304B080BD08B10420D8
:10802000704710B51446012909D0032905D002294B
:1080300004BF4FF48050208004E0012001E002F0F2
:108040008DFD2060002010BD08B10420704710B5E0
:10805000140308461A03214602F0FCFD002818BF4D
:10806000012010BD0020704708B1042070472DE9A1
:10807000F0414FEA02381C460D465F1C4046013F66
:1080800009D000F5805602F039FD00283046F6D0C0
:108090000120BDE8F08122032846414602F03AFE65
:1080A000002818BF0120BDE8F0811CB5044600F08F
:1080B000D7FE00B11CBD01A9204602F047FF0028F1
:1080C000F8D1002020601CBD2DE9F84F0E4669460E
:1080D000FCF7E5FC0546002840F00F81657C002D8B
:1080E00040F00B81A16AC1B3701C43D0E068B0427C
:1080F00038BF06466661002E00F0CD80751E204612
:108100002946FFF74BFB009F0146A0613846FFF769
:108110005AFB002800F0EF80B989B6FBF1F202FBB0
:108120001162002A00F0B7807A89B5FBF1F1013ABB
:108130001140E2690E18964200F0AD80FCF737FE60
:1081400040F3BE80787804F12C013246FCF7AAFC9B
:10815000002840F0D180E6619DE0E768B74235D263
:10816000207C800733D525460021374655F8140F6B
:10817000296034E08B46A06802275BF8048BE8B1E5
:10818000DDF8009082460237002605462046294643
:1081900001F0F2FA012840F2AE80411C00F0888024
:1081A000691C013605468842F0D0474598BFEBE888
:1081B000026AD9F81C108842E4D3A16A0F604745CF
:1081C0008EBF11250025CBF8005096E03746254696
:1081D0004FF0000855F8140FC5F80080AFB1DDF876
:1081E0000080B8F80A10B8F80C2002FB01F638B18C
:1081F0007A1E0138B0FBF6F1B2FBF6F28A4206D2E3
:10820000A168002949D0A16106E000262DE0714255
:108210000840A16960613F1AE1B12868B74258D9A6
:1082200030446061207C800703D4FCF74AFC01469F
:1082300005E02046FFF7D2FA0146002846D0481C48
:1082400036D0022957D3D8F81C00814253D2BF1B25
:10825000A161E2E72E684FF00008E068864204D989
:10826000207CE66040F040002074009FB889B6FB97
:10827000F0F101FB106070B1E26990450BD0FCF7A2
:1082800096FD17DD787804F12C014246FCF70AFCD4
:1082900090BBC4F81C8000252FE020460021FFF78A
:1082A0009DFA0146013003D0012924D0A160AAE73C
:1082B000012521E0FCF7B9FDF0B9FCF7A2FCE1E7EC
:1082C000FCF7B3FDC0B9FCF79CFC3BE72868002134
:1082D0000027C619B8F80C002E6080B2B7FBF0F585
:1082E00005FB10700028B6D04046FFF76CFA10B1BD
:1082F00005EB0008B1E7022565742846BDE8F88F54
:108300002DE9F04F97B0159015A81E4692460F46DE
:1083100001F032FB00284AD4DFF8CC1601EB8001D3
:10832000496809B100220A70C5B22846FFF760FE0D
:10833000C1073ED140073ED40FF2B064002F18BFF2
:108340003C466068139030B913AA28460321FFF712
:1083500065FE1398C0B1B0F5004F15D84FF05531F8
:1083600001EA5001401A4FF0333101EA900120F048
:10837000CC3008444FF0013100EB101020F0F03009
:108380004843000E022801D3012013900DF1520240
:1083900028460221FFF742FE38B9BDF85280B8F5F1
:1083A000805F02D8B8F5007F0AD2012704E00B27CE
:1083B00002E0032700E00A27384617B0BDE8F08F37
:1083C00041F6FF700127404410EA080FF4D16078AD
:1083D0004FF0010B4FF0000C411E022938BF8346BD
:1083E000A1684FF400704A1EBCEBD23F09D14FEA9E
:1083F00058128BB2B3FBF2F707FB1232002A08BF08
:108400000846E1684FF000094A1E1142CA4A08BFF7
:1084100089460932914228BFE146B0451DD8BAF1DC
:10842000000F1AD00A900020247801210127129011
:1084300012AA2846FFF7F2FD0028BDD1002004F063
:108440000F01129F07290F9009D80A9A402F07D3CE
:108450003F3F3F2012970F9002E01127ACE70A9AA6
:10846000802F01D20E27A7E7B9FBF8F401F0030033
:108470000323802C28BF8024022804D0C80701D100
:10848000132799E70223B6FBF8F003914FEA173E52
:108490000E970290A94838440190780C06901398E2
:1084A000414201380890BDF8520009915101B1FBD9
:1084B000F0F1421E05920491D9B22246032917D148
:1084C0000E9C069EDFF83C75002A904600F0A380C3
:1084D000B4FBF8F14FF6F6739942C3D3984B994227
:1084E000C0D800EB810103230027202407311BE0C3
:1084F0000E9E002A904600F09D80B6FBF8F1032600
:1085000001EB4104013406EB540440F6F576B14228
:108510004FF0040688BF06EB4104059921444FF053
:10852000010498BF2346049F0F9EB1FBF0FC0B97FC
:1085300026440CFB0B610796089E3944099F0E44A4
:108540003E40DFB2A6EB0109032F0D970CD0B9FB1B
:10855000FBF707FB1B97002F18BF0127A9EB0706A6
:10856000B946B6FBFBF6B444CDF830C00F9FC7EB5D
:10857000081739440E9F8F42FFF474AF0B990646DB
:108580004C440C98214400FB0B11791AB1FBF8F70D
:108590000D99032910D14FF6F57087420CD8002AA7
:1085A0007FF460AF30465FEA58044FF003034FF0AA
:1085B0000E077FF481AFFFE602294CD14FF6F6712A
:1085C00030468F424FEA480117D341294FF000034C
:1085D000B2FA82F438BF0123640914EA0306144690
:1085E0004FF0030318BF4FEA480418BF0223039F4C
:1085F000BF073FF561AF26B15EE740F6F5739F42D6
:108600003BD80E27002A7FF4D7AE02230C468129DF
:10861000FFF452AFD0E600214FF0010806293FF4E5
:1086200057AF37F81130B3423FF652AF4FEA480820
:108630000131F3E7DFF8C87300214FF00108062984
:108640003FF45BAF37F81140A645FFF456AF4FEA51
:1086500048080131F3E74FF0FF30099750FA83F0F3
:10866000B0FA80F040090129089009D1099940F633
:10867000F57081423FF6F6AE02E0002009970890BF
:10868000A6F10B010AF10B000C2E38BF0021F8F700
:1086900056F9DDA150460B22F8F70CF90D980A990E
:1086A000033818BF0846010A8AF811008AF810B08A
:1086B0008AF80E408AF80D808AF80B60200A8AF842
:1086C00012100E998AF80F00300A8AF80C00002068
:1086D000B0EB114F03D10E98AAF8130004E00E99E5
:1086E0000AF1200002F065FBCA480F99CAF8180089
:1086F000F8208AF815000AF11C0002F05AFB0D98C8
:1087000003281FD101990AF1430002F052FB0C9992
:108710000AF1240002F04DFB2920C5A18AF842008D
:1087200080208AF84000C148CAF830000220CAF808
:108730002C000AF1470019E0F8FFFF000000215467
:10874000F5FFFF0F01990AF1270002F032FB292003
:108750000C998AF8260080208AF82400080A8AF8F2
:108760001610ADA18AF817000AF12B001322F8F7B2
:10877000A1F84AF655200F9A5146FCF738FB00281D
:108780007FF41AAE079881440D98032825D10F9ED7
:10879000AC4C284651460123B21DA047FCF794F982
:1087A000A9480999CAF8E401A8480139CAF80000A3
:1087B0000AF5F47002F0FDFA4AF65520F21D514612
:1087C0000123AAF8FE010220CAF8EC012846A047BE
:1087D000721C284651460123A047BDF85200029959
:1087E00041435046F8F7ABF808980028834808BF83
:1087F0006FF007000F9000260AF101000E905E4511
:1088000028D00D9803280CD10E984FF0FF31F82294
:108810008AF800200160416001810F208AF80B0076
:1088200003E00F99504602F0C4FA0C9C029F2846C0
:1088300051464A46BC4238BF27463B46FFF714FC28
:1088400000287FF4B2ADFCF73FF9E41BB944EDD149
:108850000136D4E70D9803280B9808BF40460B90CB
:10886000029E0B9851464A46B04238BF06462846FB
:108870003346FFF7F9FB00287FF497AD0B98B1441E
:10888000801B0B90ECD10D9A0123022A08BF042310
:1088900012980021B1EB104F18BF0623032A08BF1E
:1088A0000C23039A0D93072A00F29480CDE910015E
:1088B00016AA28460121FFF7B1FB00287FF475AD09
:1088C000169908200E914FF63E41020608D00E9AE6
:1088D0005FFA80F94000B2FBF9F28A42F5D801E074
:1088E0004FF0FF0950464FF48051F8F728F80E99E1
:1088F00064204FF000083F26B1FBF0F00C90002000
:108900000F900F9803285CD8002E5AD00E98B042D2
:1089100057D910A80F990C9A50F821000E99642885
:108920000F4618BF00FB02F7652828BF0746B81995
:10893000884201D8B04201D20E98871B002F40D048
:108940000AEB080B31460BF5E37002F032FA0BF537
:10895000E570394602F02DFA3F244FF0C00C08F1C3
:108960001008B6FBF4F0B0FBF9F101FB1902C0EB03
:1089700080108BF8C1110CEA9101301A8BF8BF21DD
:108980000D9A013008438BF8C221BA198BF8C00147
:10899000531E1646B3FBF4F7B7FBF9F404FB19704A
:1089A0000CEA94018BF8C5418BF8C301C7EB871023
:1089B000181A013008438BF8C4010F9801300F904A
:1089C0009FE74AF6552051460022FCF710FA00288E
:1089D0007FF4F2AC284600210022FFF71FFB074678
:1089E000002818BF0127E7E47C01002007000000F1
:1089F000000000000000000000000000F8FFFF0081
:108A000084B5000892B50008EBFE904D53444F53D7
:108A1000352E30003F00FF004E4F204E414D452087
:108A20002020204641542020202020000100060064
:108A30004E4F204E414D4520202020464154333298
:108A40002020200069800008727241615252614109
:108A5000BFB50546CDE9011101A8144600F08CFF11
:108A6000002813D40C4901EB80014A6812B100239D
:108A700013704B601DB1002268704D602A703CB1CC
:108A800002A803A9002201F037FD02E00B2000E05C
:108A9000002004B0B0BD00BF7C0100202DE9F04FE4
:108AA000ADF50F7D8E9168B102F03F0A83468EA826
:108AB00081A9524601F020FD074648B10020CBF8BD
:108AC000000000E00927F8B20DF50F7DBDE8F08F3A
:108AD000DDF8048201A88E99C8F81000CDF808824C
:108AE00082A800F0B9FC074606209DF93312002F3A
:108AF00008BF00EAD1171AF01C0F3CD0002F00F07D
:108B00009A80042F03D182A8FFF7B8F80746002FF8
:108B1000D4D14AF0080A5FEA0A7037D5899EF04836
:108B2000C6F81600C6F80E004046314600F060FF59
:108B30000546002020217083F17298F80010032967
:108B400008BFB082F061012088F80400F5B1D8F8C0
:108B5000346082A82946002201F01CFF0746002845
:108B6000ACD14046314601F00FFE691EC8F8141022
:108B700060B10127A2E7002FA0D19DF80E02C10627
:108B800066D45FEA8A7101D5C00759D1899ED8F8A9
:108B90003400CBF8200040463146CBF8246000F08A
:108BA00027FF0546CBF8080006F11C0000F02CFF5B
:108BB0000646CBF80C000AF008000BF12C09002740
:108BC0004FF48051CBF800804AEAC000CBF82870FF
:108BD000CBF81C708BF81170CBF814708BF8100068
:108BE000B8F80600ABF804004846F7F7CAFE5FEA9B
:108BF0008A607FF568AF0027002E3FF464AFB8F8B5
:108C00000A00B8F80C10CBF8146001FB00F4380629
:108C100020D1A6421ED95846294600F0ADFD054692
:108C200001300021022D38BF01214F00002808BF6C
:108C30000127361BEBE79DF80E0210F0110F01D053
:108C400007273BE75FEA4A707FF565AF082735E7FE
:108C5000042733E70028CBF818507FF42FAFB8F87B
:108C60000C0080B2B6FBF0F404FB106088B1404603
:108C70002946FEF7A8FD70B1221898F80100494670
:108C800001230127CBF81C20FFF7DEF900287FF431
:108C900015AF002717E7022710E700BF2DE9FE4FA9
:108CA000044600200F469B461646186002A920463F
:108CB00002F04CF90546002840F0AD80657C002D9F
:108CC00040F0A980207CC00701D10725A3E0E0681F
:108CD000616904F12C08401AB04238BF0646DDF83D
:108CE0000890CDF80480002E00F08F80B9F80C00B9
:108CF000B1FBF0F303FB1012002A48D1B9F80A00C7
:108D0000013810EA030801D0A16911E029B1A06A75
:108D100028B12046FEF742FD04E0A16803E0A16906
:108D2000FBF7CFFE0146022971D3481C71D0A16127
:108D30004846FEF748FD002869D000EB080AB9F85C
:108D40000C00864238D2E2695245DDF8048017D023
:108D5000FCF72DF80ADC99F80100414601230125B2
:108D6000FFF782F9002855D1FBF74BFF99F8010076
:108D700041465246FBF796FE00284BD1B9F80C004D
:108D80006169C4F81CA0B1FBF0F202FB1012851A55
:108D900008EB02013846B54228BF35462A46F7F7A8
:108DA00089FDDBF800002F44761B2844CBF8000037
:108DB00060694119616196E7B6FBF0F5B9F80A10F0
:108DC000524605EB0800884288BFA1EB080599F8D8
:108DD000010039462B46FFF737F9D0B994F9100056
:108DE000DDF80480B0F1FF3F0BDCE069A0EB0A0086
:108DF000A84206D2B9F80C20414600FB0270F7F7F2
:108E000059FDB9F80C004543CBE7002503E00225E6
:108E100000E0012565742846BDE8FE8F10B5ADF56C
:108E20000E7D8D900C468DA881A9002201F064FB77
:108E300098B9819801A901618D9981A800F00CFB76
:108E400058B99DF92F02002806D41CB181A82146EB
:108E500000F0FEFC002000E006200DF50E7D10BDA8
:108E6000F8B56946FBF71BFE0646A0BB207C410611
:108E700001D400262FE040B2009DB0F1FF3F21DD7C
:108E8000216AFBF767FE012628BB676AF87A394634
:108E900040F02000F8722068A26801F081FFE168CC
:108EA00007F11C0001F085FF002078820C48C7F80C
:108EB000160028462E7101F08DFF217C01F0BF01C4
:108EC0002174F8BDE269687804F12C0101230126C0
:108ED000FFF7CAF808B13046F8BDFBF792FECFE7BE
:108EE0000000215470B5ADF51A7D999099A898A904
:108EF000022201F001FB40B9989C684699992061D3
:108F00008C948CA800F0A8FA10B10DF51A7D70BDF4
:108F10009DF836629DF95B32062006F001014A4257
:108F2000B3F1FF3FC8BF02F00700002BEDD40029CA
:108F3000EBD19399204600F05BFD0546F0060FD477
:108F40008CA8FEF7D5FF28B925B18CA829460022A8
:108F500001F020FD0028D8D1204601F03BFFD4E7E6
:108F60008295809480A80021FEF7EEFF0028CCD1E6
:108F700080A8FEF7F9FD002808BF07200428C4D107
:108F8000DEE72DE9FE4F044600200F469A461646BE
:108F9000186002A9204601F0D9FF08B1BDE8FE8F94
:108FA000607C0028FAD1207C80075CBF0720BDE8E8
:108FB000FE8F616904F12C0BC843B04238BF0646EE
:108FC000DDF80890CDF804B0002E00F0A480B9F8C8
:108FD0000C20B1FBF2F000FB1213002B57D1B9F8B3
:108FE0000A20013A12EA00081CD129B1A06A40B156
:108FF0002046FEF7D3FB08E0A06830B920460021E8
:1090000001E0A1692046FEF7E9FB411C00F08C80DD
:10901000002800F08080012800F08480A168A06111
:1090200001B9A060FBF7C3FE0ADCE26999F8010010
:1090300059460123FFF718F8002875D1FBF7E1FD29
:10904000A1694846FEF7BFFB00286BD0B9F80C2099
:1090500000EB080B964238D2E169606959450ED0A1
:10906000E16888420BD299F8010001995A46012320
:10907000FEF7EAFF002857D1B9F80C206069B0FB71
:10908000F2F1C4F81CB0DDF804B001FB1203D51AEC
:109090000BEB03003946B54228BF35462A46F7F7A1
:1090A00009FC207C40F080002074DAF800002F4496
:1090B0002844CAF800006169E0682944814261617E
:1090C00088BF0846E060761B7EE7B6FBF2F5B9F88C
:1090D0000A105A4605EB0800884288BFA1EB080534
:1090E00099F8010039462B46FEF7BEFFE0B9E0696A
:1090F000A0EB0B00DDF804B0A84208D2B9F80C20B0
:1091000000FB02715846F7F7D5FBFBF77AFDB9F87B
:109110000C004543C9E7207C40F04000207400204B
:10912000BDE8FE8F022000E001206074BDE8FE8FE4
:1091300080280DD302460020FF2A09D840F2B5133B
:10914000994205D112486FF0FF0100EB4200405AEE
:10915000704700BF7F2801D8024616E00022B2EB1C
:10916000104F12D140F2B51399420ED1084A002196
:10917000802905D032F81130834203D00131F7E75E
:10918000002202E0C8B280F0800290B2704700BFB7
:109190004EB800080021B1EB104F3DD110B5204A68
:1091A0001E49B0F5805F38BF0A461188002930D0CB
:1091B00088422ED35388043251FA83F4844207D86C
:1091C0000021B3F5807F38BFD9B202EB4102ECE752
:1091D0001B0A082B1DD8DFE803F005110B0D09163B
:1091E000180F1A00401A32F8100012E0303810E060
:1091F00010380EE020380CE050380AE0411A01F037
:109200000101401A05E01A3803E0083001E0A0F53A
:10921000E35080B2BDE81040704700BF5CB6000864
:10922000A0B5000810B5104810490122FFF710FC46
:1092300090B116A0F7F7F2FA0C48FAF77FFE10B1DA
:1092400019A0F7F7EBFA0848084901220124FFF7B3
:10925000FFFB30B11BA001E0002405A0F7F7DEFA08
:1092600000E00024204610BD78A50020F7B40008D7
:10927000466174467320466C617368206D6F756E2D
:109280007420537563636573730000004661744610
:109290007320466C617368206D6F756E7420466133
:1092A000696C656400000000437265617465204666
:1092B000696C6553797374656D204661696C65648A
:1092C00000000000466174467320466C617368209C
:1092D0006D6F756E74204661696C656420320000A4
:1092E00070B5ADF5835D84B02DA02FA1F7F774F8AC
:1092F0003248FAF723FE08B131A006E033482F497F
:109300000122FFF7A5FB38B131A0F7F787FA01205A
:109310000DF5835D04B070BD324911A80A22FFF734
:10932000BDFB20B1014630A0F7F756F82DE03448D8
:10933000F7F774FA6C4633A13E222046F7F7BAFAE3
:1093400011A810AB21463D22FFF71BFE20B10146BC
:109350003C48F7F741F815E0109A3D2A0ED13B48FA
:109360003D21F7F739F811A8FEF79FFE174813497A
:109370000022FFF76DFB70B13548C6E732483D214A
:10938000F7F72AF811A8FEF790FE0C4900200022FA
:10939000FFF75EFBBBE72F48F7F740FA0020B7E77F
:1093A000257328290A00000066696C655F7379736C
:1093B00074656D5F5265496E69740000F7B400080A
:1093C0006D6B6673206661696C65640078A500202A
:1093D0006D6F756E74206661746673206661696C6A
:1093E0006564000075B500084372656174652066A8
:1093F000696C65206661696C65643A2025640A00C1
:10940000C6B40008776966695F6E616D653A6E6F14
:109410005F6E616D650A776966695F706173737706
:109420006F72643A6E6F5F70617373776F72640A04
:10943000636974795F6E616D653A6265696A696EC8
:10944000670000005CB4000873B40008A0B4000812
:10945000FAB4000809B500082DE9F04F8BB0066892
:109460000F46044638785C2801D02F2801D10137F7
:10947000F8E70020A0603878202809D28020002159
:1094800084F82B0020460BB0BDE8F04FFEF75CBD22
:1094900006F1380A04F120093046D0F810B00A97D6
:1094A0004FF000080AAF384601F0FCFC05460130D9
:1094B00000F03C81B5F5803FA9B222BF280C2BF803
:1094C000180008F10108202926D32F2913D05C2980
:1094D00011D07F2906D89DA00922F7F7E1F90028CD
:1094E00040F02481B8F1FE0F00F220812BF81850D3
:1094F00008F10108D7E70A9F38785C2801D02F28A7
:1095000001D10137F8E720284FF000004B4638BF63
:1095100001204FEA800903E00A9F4B464FF00409FF
:10952000ABF10200B8F1000F00F0FD8030F8181028
:109530002E2901D0202902D1A8F10108F2E700214B
:10954000CDF808A02BF818103BF811200131202A83
:10955000FAD0B1F1010A01D12E2A01D149F0030953
:10956000B8F1000F06D030F818102E2902D0A8F15B
:109570000108F5E718464FF0203103960593A8F14E
:10958000010608220120C3F8071019605960002362
:1095900004900020069001900896501E07900992B2
:1095A00049F003003BF81A50202D03D02E2D05D191
:1095B000564508D00AF1010A8146F3E7002D71D023
:1095C0000AF1010A00E0C246934257D2C24554D084
:1095D000802D24D3284640F2B51126461C46FFF7BD
:1095E000B9FD054600060DD4099AB5F5807F2346DE
:1095F00011D307983446834222D3089E49F00309C9
:109600001346CDE7544905F07F00099A49F0020955
:1096100023460D5C01E049F002093446089E5DB125
:109620004EA02946072226461C46F7F739F923465D
:109630003446DDE9086258B149F003095F2518E0B6
:109640000599280A089E49F00209C854013310E020
:10965000A5F14100069980B21A28A5F1610038BF32
:1096600041F0020180B219289CBF203D41F0010168
:1096700006910598C554013392E7C2460198C00788
:1096800049F003000FD1C24518BF81460AD8069899
:109690000B220823C246800006900020049001207F
:1096A00001907AE74846DDF81490DDE902A6069AB3
:1096B00099F80010E52904BF052189F800100499E4
:1096C000C90718BF920002F00C010C2904D0D1B2D6
:1096D00001F00301032901D140F00200082101EA51
:1096E000420162F30411820758BF084384F82B003B
:1096F0002046FEF721F994F82B104FEA4171C8B9C2
:1097000000291ED4A079C0061DD5B0892169B1FBFE
:10971000F0F202FB10100AEB0001304600F068F98D
:10972000A0602068B9E60020ABF8000006200BB06E
:10973000BDE8F08F0428FAD10420002958BF052085
:10974000F5E70020F3E70520F1E700BF2A3A3C3EA9
:109750007C223F7F0000000074B000082B2C3B3DB2
:109760005B5D000003490A685206FCD5C2B24A603C
:10977000704700BF0010014002293CBF0120704724
:109780002DE9F04105680C46E86988422FD9287810
:10979000032842D002282DD0012828D1A88904EB23
:1097A0005407A96AB7FBF0F0FBF7EAF8E8BBA88911
:1097B00005F13806B7FBF0F101FB10710137B7FB7B
:1097C000F0F016F80180A96AFBF7DAF868BBA889FF
:1097D000E207B7FBF0F101FB1070305C48EA0021B2
:1097E00008466FF31F3018BF0809BDE8F08101205B
:1097F000BDE8F081A889A96A4008B4FBF0F0FBF746
:10980000BFF890B9A8896100B1FBF0F14843C0EB03
:1098100044002844008FBDE8F081A889A96A800827
:10982000B4FBF0F0FBF7ACF818B14FF0FF30BDE837
:10983000F081A889A100B1FBF0F14843C0EB84009E
:109840002844383000F0E0F820F07040BDE8F081A6
:109850002DE9F0470546D0F8008000208A460AF836
:10986000160FA869002800F08580E86A0C460130D0
:1098700023D04FF000090026D8F8100000210F4631
:1098800030F8161099B1013627B901F47842B2F5D3
:10989000584FF4D041EA07400AEB0901C9F1FF0231
:1098A00001F016F881440028E6D14FF00009002F9E
:1098B000504608BF48440021017004F10908002700
:1098C0004FF02E0900260A2E1DD8E869805D01366A
:1098D0002028F8D0052808BFE520092E04D10B2F39
:1098E0009CBF08F80790013740F2B511FFF720FC44
:1098F00040B108EB0701C7F10C0200F0E9FF074493
:109900000028E0D10027002008F807009AF800009E
:1099100010BBAFB1082100202218537A2E2B0BD098
:1099200093B1A3F14106192E07D8EE69367B0E429A
:1099300018BF43F0200300E0102193750130EBE7DE
:109940003F208AF80000012000210AF80010E86991
:10995000007B08B988F80010ED69E87A00F03F0054
:10996000207205F11C0000F04FF82060E88AE080CA
:10997000288BA080BDE8F087016899B1F0B500227E
:109980008B5C0132202B01D33A2BF9D13A2B2BD10E
:109990000B78A3F13004092C07D8022A05D1302B0B
:1099A0001DD11FE04FF0FF307047104C0023CD5CFD
:1099B000A5F16106F6B21A2E38BF203DE65C0133F0
:1099C000A6F16107FFB21A2F38BF203E370603D039
:1099D000EDB2F6B2AE42EAD00FB99A4202D04FF0E1
:1099E000FF30F0BD114401600020F0BD57B4000805
:1099F0000246488B1278032A05D10A7D497D090663
:109A000041EA024108447047006870472DE9F04F71
:109A100089B0634863A1F6F7DFFC68486849012212
:109A2000FFF73CF820B101466648F6F7D5FC24E084
:109A30006548F6F7F3FE61484FF48061FEF744FB9A
:109A400010B1014661A013E05C48694608AB2022D2
:109A5000FFF724F9014650B90898202807D1684932
:109A600068460C22F6F7F0FE58B1664826E05FA083
:109A7000F6F7B2FC5148FEF718FB012009B0BDE82B
:109A8000F08F61A0F6F7CAFE63480799814214D1AE
:109A900063A0F6F7C3FE68461821FDF7E9FD069AB4
:109AA00090420ED16248F6F7B9FE44480021FEF715
:109AB0000BFB58B101465FA0DAE75848F6F7AEFE57
:109AC000D8E701465948F6F787FCD3E7DFF8EC8082
:109AD000604DDFF888B100260DF120094FF0000A33
:109AE000404629464FF400424B463446FFF7D6F82D
:109AF000B8BB089FC7B33E19B4F5806F23D8B6F53D
:109B0000806F20D9C4F58469C346B846B94538BFCB
:109B1000C846B4F5806F06D0C4F580625046294629
:109B2000FDF7BEFD8246B94507D205EB0801A7EB5C
:109B300008025046FDF7B4FD8246D846DFF81CB156
:109B40000DF1200905E0504629463A46FDF7A8FDEB
:109B50008246B10A5846F6F73FFC08980028BFD164
:109B600003E001463C4883E72646059A924510D11A
:109B70003C48F6F753FE049A96420DD13BA0F6F707
:109B80004DFE0E48FEF791FA3C48F6F747FE0020DE
:109B900074E73348514696E73348314693E700BFB0
:109BA000C8B200086C696D655F636F6E6669726D3F
:109BB0005F66617466735F6170700000B0B500200D
:109BC00029B40008E3B2000845B400085365656B8A
:109BD00020746F20746167206F66667365742066F9
:109BE00061696C3A2025640D0A00000052656164C9
:109BF00020746167206661696C3A2025640D0A0053
:109C00001DB40008FEB300085461672068656164F4
:109C1000206F6B0D00000000454E44000EB400089C
:109C200054616720656E64206F6B0D0033B30008CC
:109C3000E6B300085365656B20746F2066696C6538
:109C4000207374617274206661696C3A2025640D1A
:109C50000A00000060240020CEB200081DB30008F6
:109C60005DB30008F2B30008F8B20008417070203C
:109C70006C656E677468206F6B0D0000C8B30008D8
:109C80002DE9F84F264827A1F6F7A6FB2B482C49CB
:109C90000122FEF703FF20B101462A48F6F79CFB9C
:109CA00033E02948F6F7BAFD284DDFF89090DFF849
:109CB000A0B00027EA4648465946FAF7C6FE38BB28
:109CC000DDF8008058462C462946464646B10378C2
:109CD00022789A4216D101300134013E0131F5E774
:109CE00047442AA0B90AF6F777FB009845440028B4
:109CF000E1D11248FEF7D9F92BA0F6F78FFD00202D
:109D0000BDE8F88F14A0F6F767FB0120BDE8F88FD7
:109D100001461048F6F760FB0848FEF7C6F9F4E77D
:109D2000C8B200086C696D655F636F6E6669726DBD
:109D30005F666C6173685F6170700000B0B5002091
:109D400029B40008E3B2000845B400080000010887
:109D500060240020CEB20008436F6E6669726D20E9
:109D60006661696C65643A20616464726573733A14
:109D70003078253038782C76616C75653A25782CEA
:109D800020213D207461723A25780A00436F6E6687
:109D900069726D6564202564206B62797465732C2B
:109DA00020706173730D0A00616C6C20636F6E66C6
:109DB00069726D2070617373656400002DE9F84F5E
:109DC000364837A1F6F708FB00F0E8F9002861D023
:109DD000022805D13AA0F6F721FD0020BDE8F88F52
:109DE000464C18212046FDF743FC01464448426892
:109DF000914249D14448F6F711FDDFF83C814FF01C
:109E0000000900252069A84235D905F500414FF425
:109E10000047814288BF471B07EB050AB5F5806FF5
:109E20001BD8BAF5806F18D9A346C5F584643E46A1
:109E3000BC4238BF2646B5F5806F06D00BEB050057
:109E4000C5F58062FAF793FD8146BC420BD20BEB5D
:109E50000500BA1B5C46304401E060193A46FAF747
:109E600086FD814600E05C464FEA9A214046F6F7BF
:109E7000B3FA5546C6E722480268914506D1244800
:109E8000F6F7CCFC23A0A6E71E4801E01F48494690
:109E9000F6F7A2FA0120BDE8F88F00BFC8B20008AB
:109EA0006C696D655F636F6E6669726D5F666C612C
:109EB00073685F7369676E61747572650000000096
:109EC000417070206E6F74207369676E65642C201A
:109ED0006D61796265206465627567206D6F646588
:109EE0002C20736B697070696E6720766572696685
:109EF00069636174696F6E0D000000000004010861
:109F00001404010833B30008E6B300085DB3000889
:109F1000F2B30008466C617368206669726D776100
:109F2000726520766572696669636174696F6E2017
:109F30007061737365640D001DB300082DE9F04F67
:109F400087B03C483CA1F6F747FAF7F787FC3E4854
:109F500001210222102301600260036020230360BC
:109F600040230360802303600820069205900420AC
:109F7000CDE903100020CDE9010034A0F6F74EFC36
:109F800002A801A9F7F7D8FB10B1019932A00AE0A5
:109F90003CA0F6F743FC3F483F490122FEF77EFD17
:109FA00038B101463D48F6F717FA012007B0BDE881
:109FB000F08F3B48F6F732FC3A4CDFF8D8903A4D38
:109FC0004FF0000BEA460FF2E80848462946FAF738
:109FD0003CFD38BB0026009FBE4209D2AA5DA119F4
:109FE00000200023F7F7F8FB01360028F3D010E03B
:109FF000BB4440464FEA9B21F6F7EEF900983C44FB
:10A000000028E2D12348FEF750F8F7F7DDFB0020E7
:10A01000CCE72CA0F6F702FC1E48FEF746F8F7F74F
:10A02000D3FBC2E701462148F6F7D6F91948FEF7F7
:10A030003CF8BAE7C8B200086C696D655F636F7081
:10A04000795F6170700000000C3C024073746172B3
:10A050007420657261736500466C61736820457297
:10A06000617365204661696C2C4572726F7253741E
:10A07000617274416464726573733A2523780D0AC2
:10A08000000000004572617365205375636365735A
:10A0900073000000B0B5002029B40008E3B2000846
:10A0A00045B400080000010860240020CEB200087A
:10A0B0005772697474656E202564206B62797465CB
:10A0C000730D0A00466C61736820577269746520CD
:10A0D0004661696C0000000080B52548F9F717FF5C
:10A0E000002818BF012080BD10B50E480EA1F6F75C
:10A0F00073F9FFF797F810B1002410A00EE015A037
:10A10000F6F78CFB1A48F9F70FFF01461FA002244F
:10A1100018A2002918BF104618BF0124F6F77EFBCD
:10A12000204610BDC8B200086C696D655F64657437
:10A130006563685F6E65775F6170700066696C6506
:10A140002073797374656D20696E69742066616926
:10A150006C65640066696C652073797374656D2045
:10A16000696E697420737563636573730000000022
:10A1700029B4000866696E64207570646174652E88
:10A1800062696E2066696C65000000006E6F207564
:10A1900070646174652E62696E00000010B5144829
:10A1A00014A1F6F719F9184C18490C222046F6F7B5
:10A1B0004BFB08B1164812E0E069174988420DD1FF
:10A1C000E068013008D12069013005D160690130B3
:10A1D00002D1A069013007D0012403E00D4800241A
:10A1E000F6F71CFB204610BD0C480224F8E700BF20
:10A1F000C8B200086C696D655F69735F6170705FFC
:10A200007369676E65640000000401081DB40008EE
:10A21000FEB300080EB40008454E440087B30008A2
:10A22000B0B5124D04460BA022462946F6F7D4F8E5
:10A2300072B60F4960680860206880F308880D488E
:10A240000460086880470CA02946F6F7C5F800208E
:10A25000B0BD00BF257328616464726573733A25CD
:10A260002378292C73746172740A000037B40008D3
:10A2700048D3002008ED00E0257328292C206661D2
:10A28000696C65640A000000FFF72AB880B50648CB
:10A2900006A1F6F7A1F80E4840210022F7F7BEFB11
:10A2A000BDE88040FAF798BAC8B200086C696D65DD
:10A2B0005F73746D5F73797374656D5F656E7465DC
:10A2C000725F755F6469736B5F6D6F64650000003A
:10A2D00000000240F7F7B8FBFBF746FBFAF772F80D
:10A2E000FAF72CF8F9F7B4FFFAF70EF8FAF7EAF9EB
:10A2F000FAF74AFAFAF75CFAFAF722F9FAF740F9AC
:10A30000FAF774F9F9F7D0FFFAF7BCF9FAF756F94A
:10A31000FAF7DEF844A0F6F781FA4BA050A153A259
:10A32000F6F75AF800F02AFEFDF796F9FAF7A2FAC6
:10A33000FFF7DAFE022815D001280BD090BBFFF7FB
:10A340003DFD58B36748F6F769FAFFF79DFFB8B3CC
:10A35000654840E05748F6F761FAFFF757FB48B108
:10A36000554C1CE04448F6F759FAFFF727FD98B121
:10A3700042A030E05148F6F751FA00200F210D229B
:10A380000023FDF741F9FDF767F9FAF773FAFFF7D4
:10A39000D5FDC0B14AA01EE03FA400E0504C2046CD
:10A3A000F6F73CFA002000210D220023FDF72CF9DE
:10A3B000FDF752F9FAF75EFA4648FFF731FFFEE77C
:10A3C000FFF764FFFEE74248F6F728FA4148FFF737
:10A3D00057FCE0B13848F6F721FA4448F6F71EFA80
:10A3E00000200F2100220023FDF70EF9FDF734F9BC
:10A3F000FAF740FAFFF748FF18B13D48F6F70EFAB2
:10A40000FEE73C48F6F70AFAFFF740FFFEE72B4865
:10A41000F6F704FAFFF760FE2F4C0028BFD02F4854
:10A42000F6F7FCF9BBE700BF3E3E3E4355505F4D9B
:10A43000415420426F6F746C6F6164657220537475
:10A4400061727421000000003E3E3E436F6D7069F2
:10A450006C652054696D653A25732C25730A0000DC
:10A460004D617220313420323032360030303A3390
:10A47000323A333900000000E0B100083E3E3E436E
:10A480006F6E6669726D206E6F77206170702C2020
:10A490004661696C656400003E3E3E436F6E6669CE
:10A4A000726D206E6F77206170702C20537563631E
:10A4B0006573730001B200087CB100086FB2000838
:10A4C0003E3E3E436F7079206661696C65640000B2
:10A4D00090B200080000010855B2000863B10008FE
:10A4E00034B2000843B1000825B100089CB100084F
:10A4F00016B20008A8B200082DE9F04F87B00E464A
:10A50000002115463160FFF737FA002814D49A4F1E
:10A5100007EB80004468002C44D02078346068B198
:10A520006078FDF79FFDC10708D115F07E0F01D0BF
:10A5300040073BD400204CE00B204AE00020207074
:10A540006078FDF755FDC1072ED115F07E0F01D0C3
:10A5500040072BD404F10C05607802212A46FDF750
:10A560005DFDA8BB2888B0F5805F31D8B0F5007FCD
:10A570002ED341F6FF710144014229D1204600212A
:10A58000FDF7A6F8022821D10DF10C08002645465A
:10A59000402E0DD0A01900F5FF70FFF735FA01C568
:10A5A0001036F5E70C2014E0032012E00A2010E03A
:10A5B000002658F8261019B12046FDF789F800E06A
:10A5C0000320022E02D801360128F2D8042803D134
:10A5D000012007B0BDE8F08F012833D8B4F84360FC
:10A5E000A08986422ED1B4F84E90656BB9F1000F68
:10A5F00004D104F15C00FFF707FA814694F8488023
:10A60000C4F82090A8F1010084F80380012819D82B
:10A61000029594F84550681E658185EA0001C0B234
:10A62000C9B281420ED9B4F849A0700981B21FFAAB
:10A630008AF2A4F808A0B2FBF1FB01920BFB10A078
:10A64000000401D00D20C4E7B4F84B0018B904F1A0
:10A650005800FFF7D9F9B4F84620002AF2D009FBD8
:10A6600008F18B185B449842ECD3C01AA842E9D396
:10A67000B0FBF5F0414D4FF0000BA8424FF6F675D8
:10A6800038BF4FF0030BA84240F6F57538BF4FF0C6
:10A69000020BA84298BF4FF0010BBBF1000FD1D0C5
:10A6A000029D00F10208BBF1030FC4F81C802A448C
:10A6B0002B442363C4E909520CD1B4F86200019918
:10A6C0000843BFD104F16400FFF79EF9E0624FEA4E
:10A6D000880011E05FEA0A43B4D01144E162A0F6B9
:10A6E000F671090B0E2991BF4FEA480008EB4801AB
:10A6F00000F0010000EB510030440138B0FBF6F0EF
:10A7000081459FD34FF0FF30C4E905008020BBF1A5
:10A71000030F607129D1B4F86800012825D102988F
:10A72000411C204600F030F8F8B900204AF65521C7
:10A730006071B4F83602884217D104F13800FFF78F
:10A7400063F90F49884210D104F50770FFF75CF9EF
:10A750000C49884209D104F50870FFF755F9A0614A
:10A7600004F50970FFF750F96061388884F800B08B
:10A7700001303880E080DDE67C010020F6FFFF0F2D
:10A780005252614172724161B0B50546406B8842D8
:10A7900004BF0020B0BD28460C4600F061FB08B1A4
:10A7A0000120B0BD687805F1380122460123FDF78C
:10A7B0004BFC002818BF4FF0FF346C6318BF01201A
:10A7C000B0BD2DE9F047022945D30546C0690E46C4
:10A7D000884240D928781446032852D002283ED017
:10A7E000012838D1A88906EB5607A96AB7FBF0F013
:10A7F000FAF7C6F800284CD1A88907F1010905F13C
:10A8000038085FEAC67A2246B7FBF0F101FB107107
:10A8100005D018F8012002F00F0264F30B1208F8BB
:10A820000120B9FBF0F0A96A01262F4607F8046F52
:10A83000FAF7A6F880B9A889BAF1000FB9FBF0F1D0
:10A8400001FB10903FD118F80010C4F3032201F06F
:10A85000F001114438E002263046BDE8F087A889AF
:10A86000A96A4008B6FBF0F0FAF78AF888B9A88917
:10A870007100B1FBF0F14843C0EB46002844048767
:10A880001CE0A889A96A8008B6FBF0F0FAF778F80E
:10A8900008B10126E0E7A889B100B1FBF0F1484317
:10A8A000C0EB8600284400F138063046FFF7ACF8CC
:10A8B0000146304664F31B0100F07BFA2F1D012096
:10A8C00000263870C8E7210908F80010F7E70000F3
:10A8D0007F2802D862B301220DE00023B3EBD02F12
:10A8E0000BD1022A24D30222034662F39F134B703A
:10A8F000C02343EA901008701BE0B3EB104F15D152
:10A90000032A15D300F47842B2F5584F10D0022232
:10A91000034662F39F138B70E02343EA10338009F0
:10A9200062F39F100B700322487002E0042A02D2E7
:10A9300000221046704710B54FF6FF72144C20EA03
:10A94000020202F120530022A3421BD80F4C14FA3A
:10A9500080F4B2EB942F15D19A09022363F39F1070
:10A96000C87042EA0400820900F5803063F39F1248
:10A970008A70F02242EA9042000B0A7063F39F1043
:10A9800004224870BDE81040D3E700BF0024FFFF59
:10A99000C0FFFF03022901D2022035E0F8B50568A7
:10A9A00004460E46E86988422BD9DAB1114628469A
:10A9B0004FF0FF32FFF705FF20BB13E0284631467A
:10A9C0000022FFF7FEFEE8B9D5E90610821E91428B
:10A9D00005D20131A961697941F0010169718742AC
:10A9E0003E4613D220463146FEF7C6FE07460130EA
:10A9F0000328E3D2064901EAC000064921FA00F023
:10AA000000E00220BDE8F840C0B270470020F9E73E
:10AA1000F8FFFF000100020070470000F8B50028B1
:10AA200059D00646007A0A2855D8314C4FF4805147
:10AA300000222046F6F7F2FF2E494FF0FF308881C2
:10AA4000C1E9000088607278307808703AB17068A7
:10AA5000020AC870000C487004208A7000E00120CF
:10AA6000327A254D104401F10E02C3B22846F8F7A0
:10AA70003FFCF6F7D9FF074695F85100012806D0AC
:10AA8000F6F7D2FFC01BB0F57A7FF5D923E0F06866
:10AA900020B3D6E9041229B162B183B21648F8F79F
:10AAA00027FC0BE012B383B2134811461A46F8F79D
:10AAB000C1FB03E082B21048F8F78EFCF6F7B4FF52
:10AAC000064695F85100012808D0F6F7ADFF801B27
:10AAD000B0F57A7FF5D901252846F8BD0025204636
:10AAE0004FF480510122F6F799FFF5E70125F6E7CB
:10AAF0000004024060010020F8D0002070B58CB046
:10AB00000446A6480DF1180C90E86E004069ACE8C8
:10AB10006E000B9006A8FFF781FF6E4605461821D0
:10AB20003046F5F72EFF4FF490700194ADF8000019
:10AB30003046FFF773FF04464FF4FA7000F0BEF89A
:10AB40006019C0B20CB070BD10B53C4CE06800B1EB
:10AB500010BD002000F008F8E06810BD80B5FFF7D8
:10AB6000F3FF000B80BD00002DE9F0418CB00446DE
:10AB70002548DFF8AC80069023A007AE051D40698C
:10AB80002ECD0B902EC606A8C0470546254800903E
:10AB900024A001AF061D40694ECE059068464EC701
:10ABA000C047264E03210027054409919F210A979B
:10ABB0008DF8207007970B96ADF8181006A8C047BF
:10ABC0002D1809D1B0781538C0B204289ABF1CA13D
:10ABD00051F820000020F06008200A97079709909C
:10ABE00004208DF820004B20ADF81800F01C0B90CD
:10ABF00006A8FFF713FF0CB14ECE4EC42844C0B2D6
:10AC00000CB0BDE8F08100BF66000000000000004D
:10AC10000000000000000000000000000000000034
:10AC20001DAA0008990000000000000000000000BC
:10AC30000000000000000000000000006CE30020A5
:10AC40000000200000004000000080000000000123
:10AC5000000000022DE9F04F87B0174F15468946D6
:10AC600082464FF0000B4FF0000840F203102C46D4
:10AC7000CDE905B78DF80CB0B5F5805FADF80400EF
:10AC800008EB090028BF4FF480540494029001A8F7
:10AC9000FFF7C4FE06460AEB080039462246F5F7E0
:10ACA00009FE1EB92D1B03D0A044DEE7012000E001
:10ACB000002007B0BDE8F08F6CD300202DE9F047ED
:10ACC00088B00446F6F7B0FE002705460DF11F08D0
:10ACD0004FF001094FF0050A8DF81F7001AE3046A4
:10ACE000CDF81880CDE904978DF80C700297ADF877
:10ACF00004A0FFF793FE9DF81F00C00706D0F6F7EB
:10AD000093FE401BA042EAD9032000E0002008B0D7
:10AD1000BDE8F0872DE9F04F91B0CDE903011F4860
:10AD2000154600270026016800F1080B9BE8000F7C
:10AD300002914168019102980B9001980CA981E859
:10AD4000010F0BA8FFF76AFE039900222C46074467
:10AD50000A92B5F5807F3144099128BF4FF4807481
:10AD6000049908948DF81C20314406914FF48171A8
:10AD7000ADF8141005A8FFF751FE07446420FFF753
:10AD80009DFF50FA87F7380604D12D1B01D02644C9
:10AD9000D1E70027F8B211B0BDE8F08F44B0000849
:10ADA0004A830078032803D1100E4875100C0875EB
:10ADB00070470160704710B500210022D2B2435C99
:10ADC0000131540844EAC2120B291A44F6D1D0B218
:10ADD00010BD0000B0B5044600F042F808B10120F3
:10ADE000B0BD207803282DD1607901282AD104F143
:10ADF0003C0040F6FC71F5F7C4FD1748254645F8C0
:10AE0000380F164855F8201CC5F8E4014AF65520BD
:10AE1000A5F8FE0105F5F470FFF7CBFF55F8241CEB
:10AE200005F5F670FFF7C5FF55F8140C2946012308
:10AE3000421C15F8370C45F8042CFDF715F90020D5
:10AE400005F8330C607800210022FDF7E7F80028B0
:10AE500018BF0120B0BD00BF525261417272416102
:10AE600070B504460079D0B104F13805626B6078A2
:10AE7000012301262946FDF7F7F888B9A26A616B1C
:10AE8000206A002626718A1A824209D2E278022AB2
:10AE900006D14218607829460123FDF7E5F800261F
:10AEA000304670BD70B5036801461A4612F9014B71
:10AEB000E0B2B4F1FF3F02DD13460B6070BD00F05D
:10AEC000E004C02C02D101241F250CE000F0F004A6
:10AED000E02C02D102240F2505E000F0F804F02C4C
:10AEE0001CD103240725234428400133054610784C
:10AEF00000F0C006802E11D100F03F00013C02F1AD
:10AF0000010240EA8510F1D1802807D30C4A2A407B
:10AF1000B2F5587F02D0020C102A02D94FF0FF3050
:10AF200070BDB0F5803FC8D34FF07072054C6FF321
:10AF30009F2002EB053222401044034A1043BCE735
:10AF4000E0FFFF030000FF0300DC00D8B0B50C46B3
:10AF500080B10546006868B1017859B1C188AA88F6
:10AF60008A4207D14078FDF77DF8C00702D12968F1
:10AF7000002001E0002109202160B0BD10B5094C7E
:10AF80000020F9F7F9FC0120F9F7F6FC0220F9F7A7
:10AF9000F3FC0320002100220023A446BDE810405A
:10AFA000604700BF0976000830380A2801D2012026
:10AFB000704700207047000010B500290AD00878BB
:10AFC000002807D005487844F5F702FD002801D095
:10AFD000002010BD0248784410BD0000AA090000FE
:10AFE000A2090000F1EE100A4FF6FF71C0F2C03165
:10AFF00020EA010040F04070E1EE100A70470000C6
:10B0000000000000000000003031323334353637A4
:10B01000383941424344454640305800303132339C
:10B02000343536373839616263646566403078009C
:10B030000400000800000000000000020001000001
:10B0400010000000060000000000000000000000EA
:10B0500000000000000000000000000000000000F0
:10B0600000000000010203040607080900000000B8
:10B0700001020304809A45418E418F804545454930
:10B0800049498E8F9092924F994F555559999A9B55
:10B090009C9D9E9F41494F55A5A5A6A7A8A9AAABCF
:10B0A000ACADAEAFB0B1B2B3B4B5B6B7B8B9BABB68
:10B0B000BCBDBEBFC0C1C2C3C4C5C6C7C8C9CACB58
:10B0C000CCCDCECFD0D1D2D3D4D5D6D7D8D9DADB48
:10B0D000DCDDDEDFE0E1E2E3E4E5E6E7E8E9EAEB38
:10B0E000ECEDEEEFF0F1F2F3F4F5F6F7F8F9FAFB28
:10B0F000FCFDFEFF01030507090E10121416181CB3
:10B100001E008002021F00000053544D202020200A
:10B110002050726F6475637420202020202020202E
:10B1200020302E30313E3E3E4372656174652046CC
:10B13000696C652053797374656D2C204661696C68
:10B140006564003E3E3E436F6E6669726D20696EB7
:10B150007465726E616C206170702C204661696C40
:10B160006564003E3E3E44656C20757064617465A4
:10B170002E62696E204661696C6564003E3E3E4306
:10B180006F6E6669726D204661744673204E6577F6
:10B1900020417070204661696C6564003E3E3E65EA
:10B1A00072726F72206F636375727265642C2074A3
:10B1B000727920746F2072652D696E6974206669DA
:10B1C0006C652073797374656D20616E6420656EA3
:10B1D00074657220752D6469736B206D6F646500F2
:10B1E0003E3E3E4E6F207570646174652E62696EDE
:10B1F0002C206E6F206E65656420757064617465C7
:10B20000003E3E3E466174467320686173206E6561
:10B210007720617070003E3E3E72652D63726561FD
:10B2200074652066696C6573797374656D206572E9
:10B23000726F72003E3E3E436F6E6669726D2069AA
:10B240006E7465726E616C206170702C2053756332
:10B2500063657373003E3E3E44656C2075706461A7
:10B2600074652E62696E2053756363657373003E67
:10B270003E3E436F6E6669726D2046617446732070
:10B280004E6577204170702053756363657373005A
:10B290003E3E3E436F7079204E65772041707020AE
:10B2A00053756363657373003E3E3E72652D637232
:10B2B000656174652066696C6573797374656D206A
:10B2C0007375636365737300257328290A004669E3
:10B2D0006C652052656164204661696C3A20256482
:10B2E0000D0A004F70656E2046696C6520466169E5
:10B2F0006C3A2025640D0A00417070206C656E6701
:10B300007468206572726F722C2063616C3A2564D8
:10B310002C2073617665643A25640D0A0050726FC3
:10B32000636573736564202564206B62797465734B
:10B330000D0A0054616720637263206572726F7238
:10B340002C2063616C3A3078253038782C2073617A
:10B350007665643A3078253038780D0A004170708F
:10B3600020637263206572726F722C2063616C3A85
:10B370003078253038782C2073617665643A3078DF
:10B38000253038780D0A00417070206E6F7420737C
:10B3900069676E65642028696E697469616C2076DE
:10B3A000616C756573292C6D617920626520646517
:10B3B000627567206D6F64652C206C6574206974FC
:10B3C0002070617373210D004669726D776172653B
:10B3D00020766572696669636174696F6E20706159
:10B3E000737365640D0054616720637263206F6B33
:10B3F0000D0041707020637263206F6B0D0054610B
:10B40000672068656164206572726F720D00546117
:10B410006720656E64206572726F720D004C494D35
:10B42000452D5441472D535400443A2F75706461A3
:10B4300074652E62696E006C696D655F6A756D700A
:10B440005F617070004F70656E2046696C652053B7
:10B450007563636573730044004F560057726974D7
:10B46000652066696C65206661696C65643A2025B3
:10B47000640A004279746520636F756E74206D698B
:10B48000736D617463683A20657870656374656490
:10B490002025642C2061637475616C2025640A008A
:10B4A00046696C6520777269746520636F6D706C96
:10B4B000657465642C2077726F7465202564206242
:10B4C000797465730A0046696C65206372656174FE
:10B4D0006564207375636365737366756C6C792C32
:10B4E0002073746172742077726974696E67206466
:10B4F0006174612E2E2E00443A0052656D6F756E98
:10B5000074206661696C656400466163746F72796A
:10B5100020726573657420636F6D706C657465640B
:10B520000048656C6C6F5951592C6A75737420749E
:10B530006573742066696C6520637265617465204B
:10B5400026207361766500443A2F77727968626FBE
:10B550006C642E74746600443A2F77656174686574
:10B56000725F77686974652F39392E62696E0025BC
:10B57000732F257300443A2F73657474696E672EB8
:10B580007478740001000400100040000001000203
:10B59000000001000200040008001000200000006C
:10B5A0007D1D0100632C001E9601A01E5A01001F84
:10B5B0000806101F0606201F0806301F0806401F39
:10B5C0000606511F0700591F521F5B1F541F5D1FA6
:10B5D000561F5F1F601F0806701F0E00BA1FBB1F9B
:10B5E000C81FC91FCA1FCB1FDA1FDB1FF81FF91F97
:10B5F000EA1FEB1FFA1FFB1F801F0806901F08069B
:10B60000A01F0806B01F0400B81FB91FB21FBC1F3F
:10B61000CC1F0100C31FD01F0206E01F0206E51F5A
:10B620000100EC1FF31F0100FC1F4E21010032211D
:10B6300070211002842101008321D0241A05302CAE
:10B640002F04602C0201672C0601752C0201802C4E
:10B650006401002D260841FF1A03000061001A034F
:10B66000E0001703F8000703FF0001007801000164
:10B67000300132010601390110014A012E01790120
:10B68000060180014D004302810182018201840193
:10B69000840186018701870189018A018B018B0161
:10B6A0008D018E018F01900191019101930194010F
:10B6B000F60196019701980198013D029B019C01BA
:10B6C0009D0120029F01A001A001A201A201A401ED
:10B6D000A401A601A701A701A901AA01AB01AC0120
:10B6E000AC01AE01AF01AF01B101B201B301B301D1
:10B6F000B501B501B701B801B801BA01BB01BC0180
:10B70000BC01BE01F701C001C101C201C301C401F6
:10B71000C501C401C701C801C701CA01CB01CA01E3
:10B72000CD011001DD0101008E01DE011201F301E6
:10B730000300F101F401F401F801280122021201D1
:10B740003A020900652C3B023B023D02662C3F0297
:10B7500040024102410246020A01530240008101B7
:10B760008601550289018A0158028F015A0290010F
:10B770005C025D025E025F0293016102620294015B
:10B780006402650266026702970196016A02622CF2
:10B790006C026D026E029C01700271029D017302C7
:10B7A00074029F0176027702780279027A027B02A4
:10B7B0007C02642C7E027F02A60181028202A90122
:10B7C0008402850286028702AE014402B101B20101
:10B7D00045028D028E028F0290029102B7017B0317
:10B7E0000300FD03FE03FF03AC030400860388038C
:10B7F00089038A03B1031103C2030200A303A30355
:10B80000C4030803CC0303008C038E038F03D80307
:10B810001801F2030A00F903F303F403F503F60336
:10B82000F703F703F903FA03FA0330042003500483
:10B830001007600422018A043601C1040E01CF04FE
:10B840000100C004D0044401610526040000C700C3
:10B85000FC00E900E200E400E000E500E700EA00A7
:10B86000EB00E800EF00EE00EC00C400C500C900EA
:10B87000E600C600F400F600F200FB00F900FF004D
:10B88000D600DC00A200A300A500A7209201E100E1
:10B89000ED00F300FA00F100D100AA00BA00BF00E9
:10B8A0001023AC00BD00BC00A100AB00BB00912583
:10B8B00092259325022524256125622556255525A7
:10B8C0006325512557255D255C255B25102514250D
:10B8D00034252C251C2500253C255E255F255A2571
:10B8E000542569256625602550256C256725682522
:10B8F0006425652559255825522553256B256A252C
:10B9000018250C25882584258C2590258025B103B4
:10B91000DF009303C003A303C303B500C403A6035E
:10B920009803A903B4031E22C603B503292261228A
:10B93000B1006522642220232123F7004822B000B1
:10B940001922B7001A227F20B200A025A000000013
:10B9500080BA00080000002000010000EC0100088F
:10B9600080BB000800010020001301000C02000849
:10B970001001000043000000F8FFFFFF00404040BE
:10B9800040404040404041414141414040404040B2
:10B99000404040404040404040404040400502025E
:10B9A000020202020202020202020202022020201D
:10B9B0002020202020202002020202020202909079
:10B9C0009090909010101010101010101010101077
:10B9D00010101010101010100202020202028888CB
:10B9E00088888888080808080808080808080808D7
:10B9F00008080808080808080202020240000000BF
:10BA00000000000000000000000000000000000036
:10BA10000000000000000000000000000000000026
:10BA20000000000000000000000000000000000016
:10BA30000000000000000000000000000000000006
:10BA400000000000000000000000000000000000F6
:10BA500000000000000000000000000000000000E6
:10BA600000000000000000000000000000000000D6
:10BA700000000000000000000000000000000000C6
:10BA80008101000001000000100000004560000876
:10BA9000716000087D600008A1600008C9600008AE
:10BAA0002960000851600008000600000000000046
:10BAB0000300000000000002008000800008202039
:10BAC000202000000024F4001201000200000040C9
:10BAD00083042A5700020102030100000403090441
:10BAE000596600088D650008DF6600080000000048
:10BAF0000000000077650008816500080000000074
:10BB0000000000000000000011660008F165000858
:10BB100035660008E565000809022000010104C03F
:10BB200032090400000208065005070581024000A2
:10BB300000070501024000000A0600020000004064
:10BB400001000000EB570008D1570008FB57000820
:10BB5000FF570008055800088D580008E7570008EF
:10BB600001B100081A0300000000000000000000FE
:10BB700000000000000000000000000000000000C5
:040000050800018965
:00000001FF
